Player,Pos,GP,G,A,PTS, +/-,PIM,PP,PPA,SH,SHA,GW,FG,IG,OT,UA,EN,SOG,SOA,SOGW,SO%,Pt/G,PIM/G,Shots,Sh%
Sheldon Rempal,RW,55,33,36,69,6,46,14,14,1,0,6,6,2,2,1,0,0,1,0,0,1.25,0.84,191,17.3
Sheldon Dries,C,54,35,27,62,14,20,18,11,0,3,5,3,4,1,2,2,0,0,0,0,1.15,0.37,143,24.5
Nic Petan,C,37,12,32,44,7,20,5,18,1,1,3,3,1,0,1,2,0,1,0,0,1.19,0.54,89,13.5
John Stevens,C,68,19,24,43,14,72,3,6,6,1,1,3,6,0,1,1,0,1,0,0,0.63,1.06,100,19
Jack Rathbone,D,39,10,30,40,4,15,3,19,0,0,2,2,0,0,1,0,0,0,0,0,1.03,0.38,88,11.4
Phil Di Giuseppe,LW,42,12,24,36,3,37,4,8,0,0,1,1,2,0,0,1,2,3,2,66.7,0.86,0.88,138,8.7
Madison Bowey,D,53,8,20,28,18,80,0,5,0,2,4,1,0,1,2,1,0,0,0,0,0.53,1.51,76,10.5
Justin Bailey,RW,30,15,12,27,5,20,4,4,2,1,1,3,0,1,3,1,0,1,0,0,0.9,0.67,73,20.5
Will Lockwood,RW,46,9,16,25,7,38,3,3,0,0,2,2,2,1,1,1,0,0,0,0,0.54,0.83,70,12.9
Jarid Lukosevicius,RW,62,10,9,19,-4,23,1,2,0,0,1,2,2,0,1,0,0,0,0,0,0.31,0.37,122,8.2
Danila Klimovich,RW,62,8,10,18,-8,33,1,2,0,0,1,1,1,0,0,1,0,2,0,0,0.29,0.53,109,7.3
Chase Wouters,C,60,5,13,18,16,62,0,0,1,2,1,1,1,0,0,1,0,0,0,0,0.3,1.03,63,7.9
Noah Juulsen,D,50,3,13,16,-9,63,1,6,0,0,1,1,1,0,0,1,0,1,0,0,0.32,1.26,66,4.5
Devante Stephens,D,59,3,12,15,15,58,0,3,0,1,1,1,0,0,0,0,0,0,0,0,0.25,0.98,43,7
Justin Dowling,C,15,5,9,14,1,0,1,4,0,0,1,0,0,1,1,1,0,0,0,0,0.93,0,24,20.8
Ashton Sautner,D,41,3,10,13,4,28,0,1,0,2,0,1,1,0,0,0,0,0,0,0,0.32,0.68,47,6.4
Cameron Schilling,D,19,1,12,13,5,16,1,5,0,1,0,0,0,0,0,0,0,0,0,0,0.68,0.84,30,3.3
Matt Alfaro,C,36,7,5,12,-5,6,1,0,1,0,1,1,0,0,0,1,0,0,0,0,0.33,0.17,32,21.9
Yushiroh Hirano,RW,30,5,7,12,-4,18,2,5,0,0,1,1,1,0,0,0,0,0,0,0,0.4,0.6,45,11.1
Tristen Nielsen,C,41,7,4,11,1,17,1,0,0,0,0,1,1,0,0,0,0,1,0,0,0.27,0.41,58,12.1
Vincent Arseneau,LW,42,6,5,11,-11,66,3,1,0,0,1,1,0,0,0,0,0,0,0,0,0.26,1.57,49,12.2
Carson Focht,C,41,3,7,10,-5,48,0,3,0,0,1,0,0,0,0,0,0,0,0,0,0.24,1.17,37,8.1
Brandon Cutler,LW,36,2,6,8,-10,17,1,2,0,0,0,2,0,0,0,0,0,0,0,0,0.22,0.47,35,5.7
Jett Woo,D,42,2,6,8,4,35,0,1,0,0,1,0,0,0,0,0,0,0,0,0,0.19,0.83,40,5
Matt Murphy,D,24,0,8,8,6,10,0,0,0,0,0,0,0,0,0,0,0,0,0,0,0.33,0.42,18,0
Guillaume Brisebois,D,26,2,5,7,8,18,0,1,0,0,0,1,1,0,0,0,0,0,0,0,0.27,0.69,26,7.7
Alex Kannok Leipert,D,41,1,4,5,5,32,0,1,0,0,0,0,0,0,0,0,0,0,0,0,0.12,0.78,43,2.3
Brandon Hickey,D,28,1,3,4,-3,10,0,0,0,0,0,0,0,0,0,0,0,0,0,0,0.14,0.36,26,3.8
Brannon McManus,C,7,3,0,3,2,2,0,0,0,0,1,0,0,0,1,0,0,0,0,0,0.43,0.29,7,42.9
Adam Brubacher,D,20,1,2,3,-3,6,0,1,0,0,0,0,0,0,0,0,0,0,0,0,0.15,0.3,16,6.3
Keltie Jeri-Leon,RW,6,1,0,1,0,0,0,0,0,0,0,0,0,0,0,0,0,0,0,0,0.17,0,6,16.7
Travis Hamonic,D,2,0,1,1,-2,4,0,1,0,0,0,0,0,0,0,0,0,0,0,0,0.5,2,1,0
Garrett Johnston,D,1,0,0,0,0,0,0,0,0,0,0,0,0,0,0,0,0,0,0,0,0,0,0,0
Darren Brady,D,2,0,0,0,0,0,0,0,0,0,0,0,0,0,0,0,0,0,0,0,0,0,4,0
Reece Harsch,D,5,0,0,0,-3,0,0,0,0,0,0,0,0,0,0,0,0,0,0,0,0,0,3,0
Marc Gatcomb,RW,6,0,0,0,-2,2,0,0,0,0,0,0,0,0,0,0,0,0,0,0,0,0.33,2,0
Karel Plasek,LW,8,0,0,0,-1,2,0,0,0,0,0,0,0,0,0,0,0,0,0,0,0,0.25,2,0
Ethan Keppen,LW,11,0,0,0,-1,4,0,0,0,0,0,0,0,0,0,0,0,0,0,0,0,0.36,12,0
Nicolas Guay,RW,16,0,0,0,-5,9,0,0,0,0,0,0,0,0,0,0,0,0,0,0,0,0.56,3,0
Seth Griffith,RW,64,30,50,80,18,54,12,21,1,0,5,4,4,2,1,2,0,4,0,0,1.25,0.84,122,24.6
Cooper Marody,RW,52,21,34,55,12,52,7,8,0,0,2,5,3,1,3,0,0,4,0,0,1.06,1,127,16.5
Adam Cracknell,C,58,21,26,47,6,16,6,8,0,0,8,2,1,0,0,1,0,0,0,0,0.81,0.28,161,13
Brad Malone,C,52,14,25,39,10,65,8,8,0,3,1,5,1,0,0,0,0,0,0,0,0.75,1.25,125,11.2
James Hamblin,LW,64,21,14,35,20,28,1,1,2,0,1,3,4,0,1,1,1,2,0,50,0.55,0.44,121,17.4
Yanni Kaldis,D,53,7,24,31,1,28,2,15,0,0,0,2,1,0,1,0,0,0,0,0,0.58,0.53,95,7.4
Vincent Desharnais,D,66,5,22,27,36,55,0,0,0,1,1,0,0,1,0,0,0,0,0,0,0.41,0.83,101,5
Raphael Lavoie,RW,56,13,13,26,8,14,1,0,0,0,3,2,2,0,0,0,1,1,0,100,0.46,0.25,148,8.8
Tim Schaller,LW,67,10,15,25,11,25,1,1,1,1,1,1,0,0,1,0,0,0,0,0,0.37,0.37,104,9.6
Luke Esposito,C,63,8,17,25,8,79,0,2,1,2,0,1,3,0,1,2,0,3,0,0,0.4,1.25,104,7.7
Philip Broberg,D,31,4,19,23,14,18,0,10,0,1,1,2,0,0,0,0,0,0,0,0,0.74,0.58,62,6.5
Dylan Holloway,LW,33,8,14,22,-4,16,3,9,0,0,2,1,0,0,1,0,0,2,0,0,0.67,0.48,83,9.6
Devin Brosseau,C,54,11,9,20,14,57,0,0,1,0,2,1,1,0,2,1,0,0,0,0,0.37,1.06,75,14.7
Brendan Perlini,LW,18,11,7,18,5,20,4,0,0,0,2,1,1,1,1,0,0,0,0,0,1,1.11,76,14.5
Dmitri Samorukov,D,51,3,15,18,16,44,0,0,0,1,1,0,1,0,0,1,0,0,0,0,0.35,0.86,101,3
Dino Kambeitz,RW,53,7,8,15,6,29,1,0,0,0,1,1,0,0,0,0,0,0,0,0,0.28,0.55,56,12.5
Michael Kesselring,D,55,2,11,13,10,45,0,0,0,0,0,0,0,0,0,0,0,0,0,0,0.24,0.82,87,2.3
Tyler Benson,LW,18,4,8,12,4,8,0,3,0,0,1,0,1,0,0,0,0,0,0,0,0.67,0.44,24,16.7
Colton Sceviour,RW,22,6,5,11,-1,21,1,3,0,0,3,2,0,0,1,0,0,0,0,0,0.5,0.95,69,8.7
Graham McPhee,LW,33,5,6,11,5,16,0,0,0,0,1,0,0,0,0,0,0,0,0,0,0.33,0.48,49,10.2
Philip Kemp,D,55,3,6,9,6,21,0,0,1,0,1,1,0,0,0,0,0,0,0,0,0.16,0.38,49,6.1
Markus Niemelainen,D,34,2,6,8,4,12,0,0,0,1,0,0,0,0,0,0,0,0,0,0,0.24,0.35,56,3.6
Darien Kielb,D,13,2,5,7,11,16,0,0,0,0,0,1,0,0,0,0,0,0,0,0,0.54,1.23,27,7.4
Filip Berglund,D,53,0,6,6,3,40,0,0,0,0,0,0,0,0,0,0,0,0,0,0,0.11,0.75,47,0
Matteo Gennaro,C,25,3,2,5,5,14,0,0,0,0,0,1,0,0,0,0,0,0,0,0,0.2,0.56,28,10.7
Ostap Safin,LW,27,2,3,5,-2,10,0,1,0,0,0,0,0,0,0,0,0,0,0,0,0.19,0.37,24,8.3
Ryan McLeod,C,7,1,4,5,-2,6,0,0,0,0,0,0,0,0,0,0,0,0,0,0,0.71,0.86,5,20
Alex Peters,D,15,1,4,5,7,15,0,0,0,0,0,0,0,0,0,0,0,0,0,0,0.33,1,19,5.3
William Lagesson,D,11,0,2,2,-6,9,0,0,0,0,0,0,0,0,0,0,0,0,0,0,0.18,0.82,17,0
Slater Koekkoek,D,2,0,1,1,4,0,0,0,0,0,0,0,0,0,0,0,0,0,0,0,0.5,0,5,0
Carter Savoie,LW,2,0,0,0,-2,2,0,0,0,0,0,0,0,0,0,0,0,0,0,0,0,1,3,0
Matt McLeod,F,3,0,0,0,-2,0,0,0,0,0,0,0,0,0,0,0,0,0,0,0,0,0,3,0
Noah Philp,C,3,0,0,0,0,0,0,0,0,0,0,0,0,0,0,0,0,0,0,0,0,0,2,0
Brayden Watts,F,4,0,0,0,-1,0,0,0,0,0,0,0,0,0,0,0,0,0,0,0,0,0,3,0
Filip Engaras,C,5,0,0,0,-1,0,0,0,0,0,0,0,0,0,0,0,0,0,0,0,0,0,1,0
Tim Soderlund,LW,7,0,0,0,-1,2,0,0,0,0,0,0,0,0,0,0,0,1,0,0,0,0.29,4,0
Jake Lucchini,LW,72,20,31,51,3,14,6,6,1,0,4,5,1,0,1,2,4,5,2,80,0.71,0.19,164,12.2
Yegor Sokolov,RW,64,19,31,50,10,22,6,9,0,0,5,0,4,2,0,0,2,4,1,50,0.78,0.34,171,11.1
Andrew Agozzino,C,66,20,23,43,-5,61,4,6,0,1,2,5,1,0,0,3,0,0,0,0,0.65,0.92,171,11.7
Logan Shaw,RW,53,15,20,35,-3,20,6,8,2,0,3,2,0,1,2,0,0,0,0,0,0.66,0.38,118,12.7
Zach Senyshyn,RW,67,19,15,34,8,20,5,2,1,0,5,2,2,0,0,1,1,4,0,25,0.51,0.3,150,12.7
Roby Jarventie,LW,70,11,22,33,-10,42,3,10,0,0,3,1,0,1,0,0,0,1,0,0,0.47,0.6,126,8.7
Cole Reinhardt,LW,70,15,15,30,-9,60,1,2,3,0,0,5,3,0,2,2,1,1,1,100,0.43,0.86,123,12.2
Mark Kastelic,C,64,14,14,28,-8,87,5,6,0,0,0,2,1,0,0,0,0,0,0,0,0.44,1.36,119,11.8
Michael Del Zotto,D,26,10,17,27,2,18,3,7,0,0,2,0,0,0,1,0,0,0,0,0,1.04,0.69,78,12.8
Zac Leslie,D,64,4,23,27,-8,69,1,13,0,0,2,1,0,0,0,0,0,0,0,0,0.42,1.08,90,4.4
Lassi Thomson,D,44,10,16,26,6,54,6,6,0,0,1,1,2,0,0,0,0,0,0,0,0.59,1.23,84,11.9
Rourke Chartier,C,33,10,15,25,7,4,1,4,1,1,3,1,0,1,1,0,2,2,1,100,0.76,0.12,91,11
Chris Wilkie,RW,39,7,14,21,-1,10,2,6,0,0,1,1,0,0,0,0,0,1,0,0,0.54,0.26,58,12.1
Maxence Guenette,D,48,6,13,19,-8,4,1,1,1,2,2,1,1,0,0,1,0,0,0,0,0.4,0.08,57,10.5
Jonathan Aspirot,D,47,5,13,18,-8,52,2,1,0,0,0,3,0,0,0,0,0,0,0,0,0.38,1.11,70,7.1
Matthew Wedman,LW,70,11,6,17,-11,42,0,0,0,0,1,3,1,0,2,1,0,0,0,0,0.24,0.6,72,15.3
Scott Sabourin,RW,40,5,12,17,-5,75,0,1,0,0,1,0,1,0,1,2,0,0,0,0,0.43,1.88,53,9.4
Parker Kelly,RW,33,5,9,14,-2,34,0,1,0,1,0,1,0,0,1,0,0,0,0,0,0.42,1.03,65,7.7
Dillon Heatherington,D,45,2,11,13,17,22,0,0,0,1,0,0,1,0,1,1,0,0,0,0,0.29,0.49,54,3.7
Clark Bishop,C,35,6,6,12,-1,36,0,0,1,1,1,0,1,0,1,1,0,0,0,0,0.34,1.03,64,9.4
Pontus Aberg,RW,17,2,9,11,-3,6,0,4,0,0,0,0,0,0,0,1,0,1,0,0,0.65,0.35,35,5.7
Cedric Pare,C,41,4,6,10,-1,10,1,1,0,0,1,0,0,0,1,0,0,0,0,0,0.24,0.24,39,10.3
Jacob Bernard-Docker,D,58,2,7,9,11,22,0,0,0,0,0,1,0,0,0,0,0,0,0,0,0.16,0.38,63,3.2
Viktor Lodin,LW,10,5,3,8,4,2,1,2,0,0,1,1,0,0,2,0,0,0,0,0,0.8,0.2,12,41.7
Colby Williams,D,51,2,6,8,10,64,0,0,0,0,1,0,0,0,0,0,0,0,0,0,0.16,1.25,23,8.7
Philippe Daoust,C,15,0,5,5,0,4,0,2,0,0,0,0,0,0,0,0,0,0,0,0,0.33,0.27,13,0
Kole Sherwood,RW,13,1,3,4,-7,8,0,0,0,0,1,0,0,0,0,0,0,0,0,0,0.31,0.62,32,3.1
Erik Brannstrom,D,9,1,2,3,-5,10,0,1,0,0,0,0,0,0,0,0,0,0,0,0,0.33,1.11,21,4.8
Jack Dougherty,D,14,0,2,2,-4,2,0,0,0,0,0,0,0,0,0,0,0,0,0,0,0.14,0.14,6,0
Xavier Bernard,D,21,0,2,2,-4,6,0,0,0,1,0,0,0,0,0,0,0,0,0,0,0.1,0.29,16,0
Hugo Roy,C,7,1,0,1,1,2,1,0,0,0,0,0,0,0,0,0,0,0,0,0,0.14,0.29,7,14.3
Cody Goloubef,D,11,1,0,1,-2,8,1,0,0,0,0,1,0,0,0,0,0,0,0,0,0.09,0.73,18,5.6
Chaz Reddekopp,D,2,0,1,1,1,0,0,0,0,0,0,0,0,0,0,0,0,0,0,0,0.5,0,1,0
Mitchell Hoelscher,C,5,0,1,1,0,4,0,0,0,0,0,0,0,0,0,0,0,0,0,0,0.2,0.8,4,0
Cole Fraser,D,1,0,0,0,0,0,0,0,0,0,0,0,0,0,0,0,0,0,0,0,0,0,0,0
Chris Martenet,D,1,0,0,0,0,0,0,0,0,0,0,0,0,0,0,0,0,0,0,0,0,0,1,0
Luke Nogard,C,1,0,0,0,0,0,0,0,0,0,0,0,0,0,0,0,0,0,0,0,0,0,2,0
Spencer Watson,RW,1,0,0,0,-1,0,0,0,0,0,0,0,0,0,0,0,0,0,0,0,0,0,2,0
Kameron Kielly,C,2,0,0,0,0,0,0,0,0,0,0,0,0,0,0,0,0,0,0,0,0,0,0,0
Blake Siebenaler,D,2,0,0,0,1,0,0,0,0,0,0,0,0,0,0,0,0,0,0,0,0,0,5,0
Matt Murphy,D,5,0,0,0,-3,4,0,0,0,0,0,0,0,0,0,0,0,0,0,0,0,0.8,4,0
Tyrell Goulbourne,LW,9,0,0,0,-2,0,0,0,0,0,0,0,0,0,0,0,0,0,0,0,0,0,3,0
Chris Terry,F,61,30,31,61,-3,62,10,13,0,0,5,6,2,2,1,1,1,3,0,33.3,1,1.02,208,14.4
Otto Koivula,C,56,12,35,47,1,32,3,8,0,0,1,2,1,0,0,0,0,5,0,0,0.84,0.57,107,11.2
Simon Holmstrom,RW,68,12,31,43,3,8,1,7,0,0,1,2,2,0,3,3,1,2,0,50,0.63,0.12,107,11.2
Andy Andreoff,C,60,18,24,42,-7,57,3,7,0,0,2,4,0,0,2,0,0,1,0,0,0.7,0.95,135,13.3
Arnaud Durandeau,LW,64,15,22,37,-3,30,2,3,0,0,3,0,2,0,2,1,0,2,0,0,0.58,0.47,137,10.9
Austin Czarnik,C,38,14,23,37,-3,8,6,10,0,0,3,1,1,1,1,1,0,1,0,0,0.97,0.21,97,14.4
Cole Bardreau,C,45,14,11,25,5,6,0,0,3,1,1,5,2,0,2,1,0,1,0,0,0.56,0.13,82,17.1
Kyle MacLean,C,68,10,14,24,3,61,0,1,1,0,3,1,1,0,2,0,0,0,0,0,0.35,0.9,91,11
Jeff Kubiak,C,56,8,16,24,6,18,0,0,1,2,2,1,1,0,0,1,0,0,0,0,0.43,0.32,78,10.3
Parker Wotherspoon,D,57,3,21,24,7,127,0,2,0,0,0,0,0,0,0,0,0,0,0,0,0.42,2.23,130,2.3
Michael Dal Colle,LW,39,9,13,22,-2,8,2,1,0,0,0,0,0,0,0,1,1,4,1,25,0.56,0.21,79,11.4
Grant Hutton,D,46,9,11,20,3,12,2,0,0,0,1,3,0,0,0,0,0,0,0,0,0.43,0.26,84,10.7
Robin Salo,D,40,4,16,20,1,8,2,7,0,0,1,0,1,1,0,0,0,0,0,0,0.5,0.2,87,4.6
Mitchell Vande Sompel,D,56,2,16,18,-11,20,0,6,0,0,0,1,0,0,0,0,1,3,1,33.3,0.32,0.36,61,3.3
Paul Thompson,RW,32,6,8,14,-7,53,1,2,0,0,1,0,0,0,1,0,0,0,0,0,0.44,1.66,56,10.7
Erik Brown,LW,49,6,8,14,6,28,0,0,0,0,0,0,1,0,0,0,0,0,0,0,0.29,0.57,56,10.7
Blade Jenkins,LW,50,7,6,13,-3,9,0,0,0,0,0,0,1,0,0,0,0,1,0,0,0.26,0.18,49,14.3
Richard Panik,RW,28,7,5,12,-11,22,1,1,0,0,4,0,0,1,1,0,0,0,0,0,0.43,0.79,55,12.7
Thomas Hickey,D,29,4,8,12,14,12,0,1,0,0,0,1,0,0,0,0,0,0,0,0,0.41,0.41,34,11.8
Paul LaDue,D,60,4,8,12,6,26,0,2,0,0,0,0,1,0,0,0,0,0,0,0,0.2,0.43,107,3.7
Collin Adams,LW,45,5,6,11,-3,8,3,1,0,0,0,1,0,0,0,0,0,2,0,0,0.24,0.18,39,12.8
Anatoli Golyshev,LW,15,5,2,7,-1,10,1,1,0,0,1,1,2,0,0,1,0,0,0,0,0.47,0.67,26,19.2
Seth Helgeson,D,69,3,4,7,0,94,0,0,0,0,0,0,0,0,0,0,0,0,0,0,0.1,1.36,53,5.7
Felix Bibeau,C,29,2,5,7,0,27,0,0,0,0,0,0,0,0,0,0,0,0,0,0,0.24,0.93,34,5.9
Samuel Bolduc,D,57,2,5,7,-10,16,0,0,0,0,0,1,0,0,0,0,0,0,0,0,0.12,0.28,51,3.9
Cole Coskey,RW,25,0,5,5,-5,8,0,1,0,0,0,0,0,0,0,0,0,0,0,0,0.2,0.32,15,0
Connor McCarthy,D,10,0,2,2,-4,4,0,0,0,0,0,0,0,0,0,0,0,0,0,0,0.2,0.4,9,0
Reece Newkirk,C,13,0,2,2,-3,10,0,0,0,0,0,0,0,0,0,0,0,0,0,0,0.15,0.77,12,0
Dmytro Timashov,LW,1,0,0,0,0,0,0,0,0,0,0,0,0,0,0,0,0,0,0,0,0,0,2,0
Liam Coughlin,F,2,0,0,0,-1,2,0,0,0,0,0,0,0,0,0,0,0,0,0,0,0,1,1,0
Ross Olsson,F,2,0,0,0,-1,0,0,0,0,0,0,0,0,0,0,0,0,0,0,0,0,0,2,0
Aatu Raty,C,2,0,0,0,-2,0,0,0,0,0,0,0,0,0,0,0,0,0,0,0,0,0,3,0
Will Cullen,D,3,0,0,0,0,0,0,0,0,0,0,0,0,0,0,0,0,0,0,0,0,0,3,0
Mike Cornell,D,21,0,0,0,-2,22,0,0,0,0,0,0,0,0,0,0,0,0,0,0,0,1.05,24,0
Alexander True,C,60,18,24,42,15,45,5,3,2,1,3,0,3,0,1,3,1,1,1,100,0.7,0.75,122,14.8
Scott Wilson,LW,71,24,16,40,-4,25,7,4,2,1,6,7,1,0,3,2,1,4,0,25,0.56,0.35,160,15
Cole Schwindt,RW,72,19,21,40,22,21,0,1,2,1,3,4,2,0,1,2,2,5,2,40,0.56,0.29,106,17.9
Zac Dalpe,C,68,30,9,39,-11,43,11,4,2,0,4,4,6,1,0,5,2,4,0,50,0.57,0.63,205,14.6
Aleksi Heponiemi,C,56,9,30,39,0,28,2,16,0,0,0,1,0,0,0,0,0,1,0,0,0.7,0.5,56,16.1
Logan Hutsko,F,71,10,28,38,12,34,2,7,0,0,1,3,1,0,1,1,0,0,0,0,0.54,0.48,123,8.1
Kole Lind,RW,46,17,18,35,-3,106,7,3,0,0,1,0,2,0,1,1,0,1,0,0,0.76,2.3,86,19.8
Cale Fleury,D,58,7,26,33,13,39,3,9,0,4,1,1,0,0,0,0,0,0,0,0,0.57,0.67,91,7.7
Connor Carrick,D,59,10,22,32,4,67,5,8,1,0,2,0,1,0,0,1,0,0,0,0,0.54,1.14,157,6.4
Chase Priskie,D,54,8,23,31,11,26,1,9,0,1,2,1,1,0,1,0,1,2,0,50,0.57,0.48,127,6.3
Max McCormick,LW,46,13,16,29,17,42,1,0,2,1,3,1,3,0,1,1,0,1,0,0,0.63,0.91,106,12.3
Henry Bowlby,LW,64,12,16,28,14,36,0,0,0,0,2,1,2,0,1,1,0,1,0,0,0.44,0.56,110,10.9
Matt Kiersted,D,63,5,15,20,6,64,0,1,0,0,0,0,2,0,3,2,0,0,0,0,0.32,1.02,87,5.7
Serron Noel,RW,64,5,15,20,-5,74,0,1,0,0,1,2,1,0,0,0,0,0,0,0,0.31,1.16,66,7.6
Grigori Denisenko,LW,30,9,9,18,-6,8,2,5,0,0,3,3,0,1,1,0,1,1,1,100,0.6,0.27,58,15.5
Owen Tippett,RW,12,6,12,18,-1,2,2,7,0,0,0,1,2,0,0,2,0,0,0,0,1.5,0.17,34,17.6
Carsen Twarynski,LW,71,5,13,18,1,14,0,2,1,2,3,0,0,0,1,0,0,0,0,0,0.25,0.2,106,4.7
Dennis Cholowski,D,31,3,15,18,8,8,0,7,0,0,0,1,0,0,0,0,0,0,0,0,0.58,0.26,53,5.7
Connor Bunnaman,C,53,7,7,14,-5,10,1,0,0,1,2,1,1,0,1,0,0,0,0,0,0.26,0.19,92,7.6
Luke Henman,F,50,6,8,14,10,32,0,2,0,0,1,1,0,0,0,0,0,2,0,0,0.28,0.64,57,10.5
Victor Rask,C,10,2,8,10,4,2,1,2,0,0,0,0,0,0,0,0,0,1,0,0,1,0.2,29,6.9
Gustav Olofsson,D,41,2,7,9,13,32,0,0,0,1,1,0,0,0,1,1,0,0,0,0,0.22,0.78,52,3.8
German Rubtsov,C,42,3,4,7,-11,0,0,0,0,0,1,1,0,0,0,0,0,0,0,0,0.17,0,31,9.7
Lucas Carlsson,D,8,1,5,6,9,8,0,3,0,0,0,1,0,0,1,0,0,0,0,0,0.75,1,17,5.9
Nolan Kneen,D,18,1,5,6,0,13,0,0,0,0,0,0,0,0,0,0,0,0,0,0,0.33,0.72,14,7.1
Maxim Mamin,F,7,2,3,5,0,2,0,1,0,0,0,0,0,0,0,0,0,0,0,0,0.71,0.29,7,28.6
Max Gildon,D,22,1,4,5,-3,6,0,1,0,0,0,0,0,0,0,0,0,0,0,0,0.23,0.27,27,3.7
Ryan Lohin,C,12,2,2,4,-2,5,0,0,0,0,0,2,0,0,0,0,0,0,0,0,0.33,0.42,8,25
Blake Siebenaler,D,24,1,2,3,4,4,0,0,0,0,0,0,0,0,0,0,0,0,0,0,0.13,0.17,20,5
Nick Albano,D,14,0,3,3,2,6,0,0,0,0,0,0,0,0,0,0,0,0,0,0,0.21,0.43,10,0
Riley Sheahan,C,4,1,1,2,0,0,0,0,0,0,0,0,0,0,0,0,0,0,0,0,0.5,0,6,16.7
Jacob Friend,D,17,1,1,2,-7,33,0,0,0,0,0,0,0,0,0,0,0,0,0,0,0.12,1.94,14,7.1
Brandon Fortunato,D,10,0,2,2,1,2,0,1,0,0,0,0,0,0,0,0,0,0,0,0,0.2,0.2,5,0
Max Zimmer,F,14,0,2,2,-1,2,0,0,0,0,0,0,0,0,0,0,0,0,0,0,0.14,0.14,15,0
Carter Robertson,D,5,1,0,1,2,4,0,0,0,0,0,0,0,0,0,0,0,0,0,0,0.2,0.8,4,25
Olli Juolevi,D,3,0,1,1,0,2,0,0,0,0,0,0,0,0,0,0,0,0,0,0,0.33,0.67,2,0
Patrick Giles,F,10,0,1,1,-1,0,0,0,0,0,0,0,0,0,0,0,0,0,0,0,0.1,0,6,0
Bobby Russell,D,10,0,1,1,-3,6,0,0,0,0,0,0,0,0,0,0,0,0,0,0,0.1,0.6,9,0
Noel Acciari,C,2,0,0,0,-2,0,0,0,0,0,0,0,0,0,0,0,0,0,0,0,0,0,3,0
Frank Hora,D,2,0,0,0,0,2,0,0,0,0,0,0,0,0,0,0,0,0,0,0,0,1,0,0
Jordan Sambrook,D,2,0,0,0,0,0,0,0,0,0,0,0,0,0,0,0,0,0,0,0,0,0,0,0
John Ludvig,D,3,0,0,0,-1,0,0,0,0,0,0,0,0,0,0,0,0,0,0,0,0,0,3,0
Craig Martin,LW,3,0,0,0,-1,4,0,0,0,0,0,0,0,0,0,0,0,0,0,0,0,1.33,3,0
Spencer Asuchak,LW,4,0,0,0,-1,2,0,0,0,0,0,0,0,0,0,0,0,0,0,0,0,0.5,1,0
Liam Pecararo,LW,4,0,0,0,1,0,0,0,0,0,0,0,0,0,0,0,0,0,0,0,0,0,5,0
Justin Nachbaur,F,6,0,0,0,0,7,0,0,0,0,0,0,0,0,0,0,0,0,0,0,0,1.17,5,0
Zachary Uens ,D,6,0,0,0,-2,2,0,0,0,0,0,0,0,0,0,0,0,0,0,0,0,0.33,1,0
Dennis Cesana,D,8,0,0,0,3,6,0,0,0,0,0,0,0,0,0,0,0,0,0,0,0,0.75,5,0
Andrew Poturalski,C,71,28,73,101,24,36,12,29,1,2,2,6,3,1,2,1,1,6,0,16.7,1.42,0.51,197,14.2
Stefan Noesen,RW,70,48,37,85,35,112,13,10,4,2,13,10,10,1,3,4,2,5,0,40,1.21,1.6,254,18.9
C.J. Smith,LW,60,24,34,58,0,18,7,19,0,0,5,4,2,0,1,2,0,2,0,0,0.97,0.3,168,14.3
Jack Drury,C,68,20,32,52,11,61,6,11,1,0,5,2,4,0,0,1,0,1,0,0,0.76,0.9,183,10.9
Josh Leivo,LW,54,22,24,46,10,38,10,7,0,0,7,2,2,1,1,2,1,3,1,33.3,0.85,0.7,190,11.6
Dave Gust,RW,64,16,20,36,14,18,2,2,0,0,3,4,2,0,2,1,0,2,0,0,0.56,0.28,142,11.3
Joey Keane,D,62,7,26,33,7,81,2,19,0,1,2,1,1,1,0,0,0,0,0,0,0.53,1.31,151,4.6
Maxime Lajoie,D,60,4,29,33,11,10,2,12,0,1,0,1,0,0,0,0,0,0,0,0,0.55,0.17,91,4.4
Spencer Smallman,RW,65,10,17,27,27,64,0,0,3,2,2,2,1,0,1,1,0,0,0,0,0.42,0.98,71,14.1
Jesper Sellgren,D,73,6,20,26,9,22,0,3,0,2,2,3,0,1,0,0,0,0,0,0,0.36,0.3,130,4.6
Jamieson Rees,C,61,7,17,24,7,35,1,1,0,0,0,2,0,0,1,0,0,0,0,0,0.39,0.57,85,8.2
Maxim Letunov,C,60,13,10,23,-7,16,5,1,0,0,1,3,3,0,0,1,0,1,0,0,0.38,0.27,97,13.4
Tarmo Reunanen,D,48,3,17,20,7,14,0,5,0,0,0,2,0,0,0,0,0,0,0,0,0.42,0.29,58,5.2
Richard Panik,RW,39,9,10,19,-8,43,1,2,0,0,5,0,0,1,1,0,0,0,0,0,0.49,1.1,70,12.9
Jalen Chatfield,D,44,6,12,18,14,33,0,1,1,1,2,0,0,0,0,0,0,0,0,0,0.41,0.75,85,7.1
David Cotton,C,55,7,9,16,4,21,1,1,1,0,2,4,0,0,0,0,0,1,0,0,0.29,0.38,81,8.6
Josh Jacobs,D,51,4,11,15,14,24,0,0,0,2,0,1,1,0,0,0,0,0,0,0,0.29,0.47,81,4.9
Ryan Suzuki,C,34,7,7,14,9,20,0,1,1,0,0,0,0,0,1,0,0,0,0,0,0.41,0.59,36,19.4
Sam Miletic,LW,45,4,10,14,4,4,0,1,0,0,1,0,1,0,1,0,0,0,0,0,0.31,0.09,63,6.3
Chris Bigras,D,40,5,8,13,10,18,0,0,0,0,2,1,0,0,1,0,0,0,0,0,0.33,0.45,42,11.9
Vasili Ponomaryov,C,11,3,7,10,5,4,1,0,0,1,0,0,1,0,0,0,0,0,0,0,0.91,0.36,17,17.6
Dominik Bokk,LW,32,3,7,10,-2,8,0,2,0,0,1,2,0,1,1,0,0,1,0,0,0.31,0.25,51,5.9
Cavan Fitzgerald,D,53,3,7,10,21,14,0,0,0,0,0,1,1,0,0,0,0,0,0,0,0.19,0.26,83,3.6
Stelio Mattheos,RW,59,2,8,10,-8,44,0,0,0,0,0,0,0,0,0,0,0,0,0,0,0.17,0.75,80,2.5
Ivan Lodnia,RW,38,4,4,8,1,6,0,0,0,0,0,0,1,0,1,0,0,0,0,0,0.21,0.16,57,7
Artyom Serikov,D,42,2,6,8,11,18,0,1,0,0,0,0,0,0,0,0,0,0,0,0,0.19,0.43,38,5.3
Eric Williams,D,24,0,6,6,7,4,0,0,0,0,0,0,0,0,0,0,0,0,0,0,0.25,0.17,34,0
Noel Gunler,RW,11,3,2,5,3,2,0,0,0,0,0,0,1,0,0,0,0,0,0,0,0.45,0.18,22,13.6
Eric Gelinas,D,9,2,0,2,-2,6,1,0,0,0,0,0,1,0,0,0,0,0,0,0,0.22,0.67,23,8.7
Griffin Mendel,D,10,0,2,2,5,4,0,0,0,0,0,0,0,0,0,0,0,0,0,0,0.2,0.4,11,0
Daniel Brickley,D,11,0,2,2,4,4,0,0,0,0,0,0,0,0,0,0,0,0,0,0,0.18,0.36,11,0
Kyle Marino,F,24,0,2,2,-3,82,0,0,0,0,0,0,0,0,0,0,0,0,0,0,0.08,3.42,28,0
Derek Topatigh,D,1,0,1,1,1,0,0,0,0,0,0,0,0,0,0,0,0,0,0,0,1,0,1,0
Billy Constantinou,D,1,0,0,0,0,0,0,0,0,0,0,0,0,0,0,0,0,0,0,0,0,0,1,0
Marcus McIvor,D,1,0,0,0,0,0,0,0,0,0,0,0,0,0,0,0,0,0,0,0,0,0,0,0
Noah Corson,C,2,0,0,0,0,0,0,0,0,0,0,0,0,0,0,0,0,0,0,0,0,0,2,0
Chase Lang,RW,2,0,0,0,-1,0,0,0,0,0,0,0,0,0,0,0,0,0,0,0,0,0,2,0
Cedric Lacroix,LW,3,0,0,0,0,17,0,0,0,0,0,0,0,0,0,0,0,0,0,0,0,5.67,3,0
Stephen Harper,C,6,0,0,0,-2,0,0,0,0,0,0,0,0,0,0,0,0,0,0,0,0,0,5,0
Jacob Christiansen,D,62,13,32,45,-12,33,4,11,0,3,1,3,0,0,1,0,0,0,0,0,0.73,0.53,177,7.3
Tyler Angle,LW,71,11,26,37,-6,32,0,7,0,1,2,0,0,1,0,0,1,4,0,25,0.52,0.45,159,6.9
Tyler Sikura,C,75,15,21,36,-3,45,2,4,1,1,6,1,0,2,1,0,0,3,0,0,0.48,0.6,135,11.1
Justin Scott,C,76,16,18,34,-11,89,1,4,1,2,0,4,2,0,2,1,2,6,0,33.3,0.45,1.17,153,10.5
Trey Fix-Wolansky,RW,53,15,18,33,-8,59,2,5,0,0,3,2,0,2,3,1,0,3,0,0,0.62,1.11,162,9.3
Brendan Gaunce,C,39,16,12,28,-8,28,4,5,1,0,2,3,0,0,1,0,0,3,0,0,0.72,0.72,118,13.6
Carson Meyer,RW,57,16,11,27,-15,63,2,5,3,0,2,0,0,0,1,0,0,0,0,0,0.47,1.11,130,12.3
Kevin Stenlund,C,42,8,17,25,-12,20,5,7,0,0,1,0,1,0,0,0,1,3,1,33.3,0.6,0.48,77,10.4
Cole Cassels,C,70,6,19,25,-14,56,2,6,0,1,0,2,1,0,2,0,0,2,0,0,0.36,0.8,82,7.3
Thomas Schemitsch,D,71,6,17,23,-6,46,0,3,0,0,2,1,1,1,1,1,0,1,0,0,0.32,0.65,103,5.8
Robbie Payne,C,39,9,12,21,-1,8,4,2,0,1,1,1,1,0,0,0,1,2,1,50,0.54,0.21,87,10.3
Cole Fonstad,LW,45,9,11,20,-12,8,5,6,0,0,1,1,0,0,0,0,0,1,0,0,0.44,0.18,79,11.4
Liam Foudy,C,29,7,12,19,4,6,0,4,1,0,1,1,1,1,1,0,0,1,0,0,0.66,0.21,78,9
Tristan Mullin,LW,53,7,12,19,4,50,0,1,1,1,0,2,0,0,0,1,0,0,0,0,0.36,0.94,65,10.8
Adam Helewka,LW,37,6,11,17,-1,12,0,3,0,0,0,0,0,0,0,0,0,3,0,0,0.46,0.32,83,7.2
Dillon Simpson,D,67,6,10,16,-5,18,1,2,0,1,2,1,1,1,1,1,0,0,0,0,0.24,0.27,85,7.1
Cole Clayton,D,55,2,14,16,-13,30,2,3,0,0,0,0,0,0,0,0,0,1,0,0,0.29,0.55,72,2.8
Tim Berni,D,72,3,12,15,-14,44,0,1,0,0,0,1,1,0,0,0,0,0,0,0,0.21,0.61,77,3.9
Josh Dunne,C,29,6,5,11,-6,39,4,2,0,0,0,1,0,0,0,0,0,0,0,0,0.38,1.34,51,11.8
Billy Sweezey,D,70,4,7,11,3,114,0,0,0,1,1,1,1,0,1,0,0,0,0,0,0.16,1.63,64,6.3
Jake Gaudet,C,40,3,7,10,-3,10,0,0,1,0,0,0,0,0,0,0,0,1,0,0,0.25,0.25,59,5.1
Owen Sillinger,C,17,3,6,9,-7,4,2,1,0,0,0,1,1,0,0,0,0,1,0,0,0.53,0.24,26,11.5
Roman Ahcan,LW,24,3,4,7,-8,16,0,1,0,0,1,0,0,0,0,0,0,1,0,0,0.29,0.67,35,8.6
Scott Harrington,D,50,3,4,7,-25,15,0,0,0,0,0,0,0,0,0,0,0,0,0,0,0.14,0.3,69,4.3
Justin Danforth,RW,8,2,3,5,-6,0,1,2,0,0,0,0,0,0,0,0,0,2,0,0,0.63,0,16,12.5
Brett Gallant,LW,53,4,0,4,-16,98,0,0,0,0,0,2,0,0,1,0,0,1,0,0,0.08,1.85,29,13.8
Zach Jordan,RW,19,2,1,3,-6,12,0,0,0,0,0,0,0,0,0,0,0,0,0,0,0.16,0.63,28,7.1
Gavin Bayreuther,D,5,0,3,3,4,20,0,0,0,1,0,0,0,0,0,0,0,0,0,0,0.6,4,17,0
Emil Bemstrom,RW,4,2,0,2,-3,2,1,0,0,0,0,0,0,0,0,0,0,0,0,0,0.5,0.5,12,16.7
Gabriel Carlsson,D,2,0,2,2,1,0,0,0,0,0,0,0,0,0,0,0,0,0,0,0,1,0,2,0
Yegor Chinakhov,RW,1,1,0,1,0,0,0,0,0,0,0,0,0,0,0,0,0,0,0,0,1,0,1,100
Jake Slaker,C,13,1,0,1,-6,2,1,0,0,0,0,1,0,0,0,0,0,0,0,0,0.08,0.15,15,6.7
Giovanni Vallati,D,3,0,1,1,-3,0,0,0,0,0,0,0,0,0,0,0,0,0,0,0,0.33,0,1,0
Olivier LeBlanc,D,16,0,1,1,-1,4,0,0,0,0,0,0,0,0,0,0,0,0,0,0,0.06,0.25,10,0
Brandon Hawkins,RW,1,0,0,0,-1,0,0,0,0,0,0,0,0,0,0,0,0,0,0,0,0,0,1,0
Dallas Gerads,LW,2,0,0,0,0,5,0,0,0,0,0,0,0,0,0,0,0,0,0,0,0,2.5,1,0
Kiefer Sherwood,RW,57,36,39,75,24,34,13,13,0,1,6,1,5,1,3,2,1,6,1,16.7,1.32,0.6,240,15
Dylan Sikura,RW,60,33,40,73,15,16,11,21,1,0,4,8,3,0,0,2,1,4,0,25,1.22,0.27,185,17.8
Jordan Gross,D,61,10,55,65,20,44,3,26,0,0,2,2,0,0,0,0,2,4,0,50,1.07,0.72,190,5.3
Mikhail Maltsev,LW,56,17,31,48,7,38,6,9,0,0,2,1,1,0,2,0,1,4,1,25,0.86,0.68,167,10.2
Jayson Megna,C,38,13,20,33,11,18,2,8,1,0,2,2,2,1,0,0,2,2,2,100,0.87,0.47,91,14.3
Martin Kaut,RW,46,19,12,31,2,26,7,5,1,0,3,2,2,0,2,2,2,4,1,50,0.67,0.57,138,13.8
Callahan Burke,RW,57,12,14,26,4,17,0,2,2,1,0,1,1,0,0,1,0,0,0,0,0.46,0.3,132,9.1
Jean-Luc Foudy,C,65,9,17,26,-3,28,1,3,0,0,2,2,1,0,1,0,0,0,0,0,0.4,0.43,93,9.7
Rob Hamilton,D,45,6,20,26,4,8,3,10,0,0,1,1,0,0,0,0,0,0,0,0,0.58,0.18,56,10.7
Jacob MacDonald,D,33,10,15,25,18,30,5,6,0,0,2,2,2,0,0,0,0,0,0,0,0.76,0.91,102,9.8
Ryan Wagner,LW,50,10,14,24,14,16,0,0,1,2,1,3,0,0,0,0,0,0,0,0,0.48,0.32,77,13
Dennis Gilbert,D,52,6,17,23,1,41,0,0,0,2,1,1,0,0,1,0,0,0,0,0,0.44,0.79,54,11.1
Andreas Wingerli,LW,64,10,12,22,7,28,0,0,1,0,1,1,0,0,1,0,0,0,0,0,0.34,0.44,90,11.1
Justin Barron,D,43,5,15,20,10,8,1,2,0,0,2,0,0,0,1,0,0,0,0,0,0.47,0.19,59,8.5
Roland McKeown,D,61,3,17,20,22,49,0,1,0,0,0,1,0,0,0,0,0,0,0,0,0.33,0.8,88,3.4
Sampo Ranta,LW,38,7,7,14,5,27,0,0,0,0,0,3,1,0,0,0,0,2,0,0,0.37,0.71,71,9.9
Gabriel Fontaine,LW,39,3,10,13,4,18,0,0,0,1,1,0,0,0,0,0,0,0,0,0,0.33,0.46,55,5.5
Alex Beaucage,RW,40,4,8,12,9,22,1,2,0,0,0,1,0,0,1,0,0,0,0,0,0.3,0.55,74,5.4
Andreas Englund,D,57,2,10,12,1,103,0,0,0,1,0,1,1,0,1,1,0,0,0,0,0.21,1.81,48,4.2
Dalton Smith,LW,52,5,6,11,-3,59,0,0,0,0,0,0,0,0,0,0,0,0,0,0,0.21,1.13,53,9.4
Alex Newhook,C,10,4,7,11,-1,2,2,3,1,0,2,0,0,0,0,0,0,0,0,0,1.1,0.2,30,13.3
Keaton Middleton,D,49,2,9,11,10,76,0,0,0,1,0,0,1,0,0,0,0,0,0,0,0.22,1.55,80,2.5
Stefan Matteau,LW,20,3,7,10,3,32,1,1,0,0,1,0,2,1,0,0,0,0,0,0,0.5,1.6,31,9.7
Shane Bowers,RW,37,6,3,9,-8,12,2,0,0,0,1,1,0,0,0,0,0,0,0,0,0.24,0.32,65,9.2
Nick Henry,RW,28,2,4,6,3,14,0,2,0,0,0,0,0,0,0,0,0,0,0,0,0.21,0.5,32,6.3
Trey Bradley,F,10,0,4,4,0,2,0,0,0,0,0,0,0,0,0,0,0,0,0,0,0.4,0.2,6,0
Charles-Edouard D'Astous,D,6,1,0,1,1,14,0,0,0,0,0,0,0,0,0,0,0,0,0,0,0.17,2.33,6,16.7
Nate Clurman,D,7,1,0,1,1,2,0,0,0,0,0,0,0,0,0,0,0,0,0,0,0.14,0.29,6,16.7
Tarun Fizer,RW,1,0,0,0,0,0,0,0,0,0,0,0,0,0,0,0,0,0,0,0,0,0,0,0
Bowen Byram,D,2,0,0,0,1,2,0,0,0,0,0,0,0,0,0,0,0,0,0,0,0,1,1,0
Wyatt Aamodt,D,3,0,0,0,0,0,0,0,0,0,0,0,0,0,0,0,0,0,0,0,0,0,1,0
Matthew Boucher,LW,5,0,0,0,-2,7,0,0,0,0,0,0,0,0,0,0,0,0,0,0,0,1.4,8,0
Luke Martin,D,6,0,0,0,0,2,0,0,0,0,0,0,0,0,0,0,0,0,0,0,0,0.33,9,0
Luka Burzan,LW,10,0,0,0,0,0,0,0,0,0,0,0,0,0,0,0,0,0,0,0,0,0,4,0
Benjamin Tardif,LW,15,0,0,0,-4,4,0,0,0,0,0,0,0,0,0,0,0,0,0,0,0,0.27,7,0
Jonatan Berggren,LW,70,21,43,64,-18,24,6,15,0,0,7,0,1,3,3,1,0,3,0,0,0.91,0.34,167,12.6
Riley Barber,RW,49,28,25,53,-14,24,15,5,0,0,5,0,2,1,0,2,0,2,0,0,1.08,0.49,184,15.2
Taro Hirose,LW,59,15,38,53,-8,12,2,18,0,0,1,4,2,0,2,2,1,3,0,33.3,0.9,0.2,122,12.3
Turner Elson,LW,73,21,24,45,1,30,4,5,1,1,5,4,2,3,2,1,1,1,0,100,0.62,0.41,166,12.7
Kyle Criscuolo,C,57,15,24,39,-15,18,2,8,0,0,1,4,2,0,1,1,1,1,0,100,0.68,0.32,147,10.2
Tyler Spezia,C,74,13,22,35,4,24,0,3,1,0,1,4,2,0,0,0,0,2,0,0,0.47,0.32,117,11.1
Dominik Shine,RW,71,17,15,32,2,141,3,1,3,0,1,2,2,0,2,0,0,1,0,0,0.45,1.99,122,13.9
Ryan Murphy,D,53,11,18,29,-7,30,5,9,0,0,0,3,1,0,1,0,1,1,1,100,0.55,0.57,95,11.6
Jared McIsaac,D,70,5,19,24,-11,34,2,5,0,0,0,1,0,0,0,0,0,1,0,0,0.34,0.49,123,4.1
Chase Pearson,C,50,7,11,18,-17,18,2,4,0,0,1,3,1,0,0,1,0,0,0,0,0.36,0.36,81,8.6
Dennis Yan,LW,56,8,8,16,-8,41,0,1,0,0,2,1,1,0,0,0,0,1,0,0,0.29,0.73,103,7.8
Brian Lashoff,D,67,5,11,16,0,30,0,4,1,0,1,1,1,1,0,1,0,0,0,0,0.24,0.45,70,7.1
Jonathon Martin,RW,60,4,12,16,-1,51,0,2,0,0,1,1,0,0,0,0,0,0,0,0,0.27,0.85,83,4.8
Dan Renouf,D,63,3,11,14,14,53,0,0,0,0,0,0,0,0,1,0,0,0,0,0,0.22,0.84,82,3.7
Josh Dickinson,C,48,6,7,13,4,20,1,1,0,1,2,0,1,0,0,0,1,1,1,100,0.27,0.42,61,9.8
Jan Drozg,RW,38,4,7,11,-8,12,0,1,0,0,0,0,0,0,0,0,0,0,0,0,0.29,0.32,37,10.8
Joe Veleno,C,11,6,4,10,-2,4,3,2,1,1,1,2,1,0,1,0,0,1,0,0,0.91,0.36,33,18.2
Wyatt Newpower,D,55,3,7,10,0,54,0,0,0,0,0,0,1,0,0,2,0,0,0,0,0.18,0.98,53,5.7
Brett McKenzie,LW,44,4,5,9,-3,16,0,0,0,0,0,0,0,0,0,0,0,1,0,0,0.2,0.36,28,14.3
Luke Witkowski,D,44,3,4,7,6,62,0,0,0,0,1,0,0,0,0,0,0,0,0,0,0.16,1.41,37,8.1
Donovan Sebrango,D,65,1,6,7,-7,23,0,0,0,0,1,0,0,0,0,0,0,0,0,0,0.11,0.35,53,1.9
Matt Berry,RW,19,2,4,6,1,10,0,0,0,0,0,0,0,0,0,0,0,0,0,0,0.32,0.53,27,7.4
Seth Barton,D,20,1,5,6,-7,4,0,4,0,0,0,0,0,0,0,0,0,1,0,0,0.3,0.2,19,5.3
Butrus Ghafari,D,22,1,4,5,3,21,0,0,0,0,0,0,0,0,0,0,0,0,0,0,0.23,0.95,20,5
Samuel Dove-McFalls,C,11,1,3,4,0,9,0,0,0,0,0,0,0,0,0,0,0,1,0,0,0.36,0.82,15,6.7
Drew Worrad,C,11,1,3,4,-1,4,1,2,0,0,0,1,0,0,0,0,0,1,0,0,0.36,0.36,12,8.3
Alexis D'Aoust,RW,16,2,1,3,2,2,1,0,0,0,0,1,0,0,0,1,0,0,0,0,0.19,0.13,17,11.8
Hayden Verbeek,LW,21,2,1,3,2,6,0,0,0,0,0,0,0,0,0,0,0,0,0,0,0.14,0.29,13,15.4
Max Humitz,LW,11,1,2,3,1,0,0,0,0,0,0,0,0,0,0,0,0,0,0,0,0.27,0,10,10
Patrick Curry,LW,29,1,2,3,-8,13,0,0,0,0,0,0,0,0,0,0,0,0,0,0,0.1,0.45,23,4.3
Kirill Tyutyayev,LW,9,0,3,3,1,4,0,0,0,0,0,0,0,0,0,0,0,0,0,0,0.33,0.44,7,0
Erik Bradford,C,16,0,3,3,2,6,0,1,0,0,0,0,0,0,0,0,0,0,0,0,0.19,0.38,12,0
Gordi Myer,D,8,0,2,2,1,0,0,0,0,0,0,0,0,0,0,0,0,0,0,0,0.25,0,2,0
Blake Hillman,D,10,0,2,2,-2,2,0,0,0,0,0,0,0,0,0,0,0,0,0,0,0.2,0.2,11,0
D.J. King,D,2,0,1,1,0,0,0,0,0,0,0,0,0,0,0,0,0,0,0,0,0.5,0,1,0
Gemel Smith,C,3,0,1,1,1,8,0,0,0,0,0,0,0,0,0,0,0,0,0,0,0.33,2.67,2,0
Randy Gazzola,D,2,0,0,0,-1,0,0,0,0,0,0,0,0,0,0,0,0,0,0,0,0,0,0,0
Justin Abdelkader,LW,3,0,0,0,-3,2,0,0,0,0,0,0,0,0,0,0,0,0,0,0,0,0.67,4,0
Trenton Bliss,LW,3,0,0,0,0,2,0,0,0,0,0,0,0,0,0,0,0,0,0,0,0,0.67,2,0
Anthony Greco,RW,66,20,39,59,-7,10,7,13,0,1,2,5,0,1,2,2,0,1,0,0,0.89,0.15,248,8.1
Nick Merkley,RW,59,16,30,46,-14,38,5,14,0,1,3,3,1,0,0,0,0,1,0,0,0.78,0.64,117,13.7
Jonny Brodzinski,RW,36,18,21,39,8,34,5,7,3,1,2,1,2,1,1,1,2,5,0,40,1.08,0.94,104,17.3
Ty Ronning,RW,69,18,21,39,-6,28,3,4,1,0,2,1,1,0,3,0,1,3,1,33.3,0.57,0.41,133,13.5
Tanner Fritz,RW,62,13,23,36,4,42,0,3,0,3,1,4,2,0,1,1,1,3,0,33.3,0.58,0.68,64,20.3
Zac Jones,D,52,9,26,35,-4,25,3,15,0,0,0,1,0,0,1,0,0,5,0,0,0.67,0.48,124,7.3
Maxim Letunov,C,73,15,13,28,-13,22,5,1,0,0,2,4,3,1,0,1,0,1,0,0,0.38,0.3,107,14
Patrick Khodorenko,C,66,10,17,27,-5,39,2,3,1,0,0,2,2,0,0,1,0,1,0,0,0.41,0.59,77,13
Lauri Pajuniemi,RW,51,13,13,26,-9,14,4,4,0,0,2,1,2,0,2,0,0,1,0,0,0.51,0.27,105,12.4
Tim Gettinger,LW,45,10,15,25,9,39,5,5,1,0,1,0,1,0,0,1,4,6,4,66.7,0.56,0.87,108,9.3
Austin Rueschhoff,F,59,14,10,24,-6,58,3,1,0,0,2,3,1,0,0,1,0,1,0,0,0.41,0.98,86,16.3
Matt Lorito,RW,30,8,10,18,2,10,3,4,0,0,0,2,0,0,0,0,0,1,0,0,0.6,0.33,78,10.3
Tarmo Reunanen,D,40,2,15,17,8,10,0,5,0,0,0,1,0,0,0,0,0,0,0,0,0.43,0.25,50,4
Alex Whelan,RW,62,8,8,16,2,21,0,0,0,0,1,1,1,0,1,0,0,0,0,0,0.26,0.34,98,8.2
Morgan Barron,C,25,9,6,15,-2,10,4,3,2,0,2,0,1,0,2,1,0,2,0,0,0.6,0.4,57,15.8
Anthony Bitetto,D,39,4,11,15,-11,26,2,4,0,1,1,1,1,0,0,1,0,0,0,0,0.38,0.67,52,7.7
Nils Lundkvist,D,34,3,12,15,-9,14,1,8,0,0,3,0,0,0,0,0,0,0,0,0,0.44,0.41,66,4.5
Justin Richards,C,67,6,8,14,-28,23,0,0,0,0,3,1,0,0,0,0,0,0,0,0,0.21,0.34,80,7.5
Zach Giuttari,D,56,1,13,14,4,14,0,0,0,1,0,0,0,0,0,0,0,0,0,0,0.25,0.25,71,1.4
Cristiano DiGiacinto,LW,47,6,7,13,1,47,0,0,0,0,0,0,1,0,0,0,0,0,0,0,0.28,1,47,12.8
Hunter Skinner,D,49,4,9,13,-1,34,0,0,0,0,1,0,0,0,0,0,0,0,0,0,0.27,0.69,68,5.9
Mike O'Leary,LW,53,6,5,11,-8,42,0,0,0,0,1,2,0,0,1,0,0,0,0,0,0.21,0.79,40,15
Matthew Robertson,D,65,1,10,11,-7,36,0,5,0,0,0,1,0,0,0,0,0,0,0,0,0.17,0.55,91,1.1
Braden Schneider,D,24,0,9,9,6,10,0,1,0,3,0,0,0,0,0,0,0,0,0,0,0.38,0.42,22,0
Pierre-Cedric Labrie ,LW,21,2,6,8,-1,23,0,0,0,0,0,0,1,0,0,0,0,0,0,0,0.38,1.1,17,11.8
Eric Williams,D,24,0,6,6,7,4,0,0,0,0,0,0,0,0,0,0,0,0,0,0,0.25,0.17,34,0
Jarred Tinordi,D,32,1,4,5,-4,56,0,0,0,0,0,0,0,0,1,1,0,0,0,0,0.16,1.75,41,2.4
Aaron Luchuk,C,15,2,2,4,-4,4,1,1,0,0,0,0,0,0,0,0,0,1,0,0,0.27,0.27,21,9.5
Bobby Trivigno,F,11,1,2,3,-4,6,0,0,0,0,1,0,0,0,0,0,0,0,0,0,0.27,0.55,22,4.5
Jeff Taylor,D,18,1,1,2,-1,8,0,0,0,0,0,0,0,0,0,0,1,1,1,100,0.11,0.44,17,5.9
Libor Hajek,D,5,0,2,2,3,6,0,0,0,0,0,0,0,0,0,0,0,0,0,0,0.4,1.2,5,0
Abbott Girduckis,RW,6,1,0,1,1,0,0,0,0,0,0,0,0,0,0,0,0,0,0,0,0.17,0,5,20
Zach Berzolla,D,8,1,0,1,0,8,0,0,0,0,0,0,0,0,0,0,0,0,0,0,0.13,1,6,16.7
Jacob Hayhurst,C,7,0,1,1,-1,0,0,0,0,0,0,0,0,0,0,0,0,0,0,0,0.14,0,5,0
Jake Elmer,RW,10,0,1,1,-4,4,0,0,0,0,0,0,0,0,0,0,0,0,0,0,0.1,0.4,9,0
Brandon Scanlin,D,15,0,1,1,-1,2,0,0,0,0,0,0,0,0,0,0,0,0,0,0,0.07,0.13,13,0
Easton Brodzinski,F,1,0,0,0,0,0,0,0,0,0,0,0,0,0,0,0,0,0,0,0,0,0,0,0
Greg McKegg,C,1,0,0,0,3,0,0,0,0,0,0,0,0,0,0,0,0,0,0,0,0,0,0,0
Blake Thompson,D,1,0,0,0,-1,0,0,0,0,0,0,0,0,0,0,0,0,0,0,0,0,0,0,0
Michael Brodzinski,D,3,0,0,0,-4,2,0,0,0,0,0,0,0,0,0,0,0,0,0,0,0,0.67,3,0
Brandon Fortunato,D,3,0,0,0,0,0,0,0,0,0,0,0,0,0,0,0,0,0,0,0,0,0,3,0
Mike Lee,D,3,0,0,0,-3,2,0,0,0,0,0,0,0,0,0,0,0,0,0,0,0,0.67,4,0
James Sanchez,C,7,0,0,0,-3,2,0,0,0,0,0,0,0,0,0,0,1,1,0,100,0,0.29,3,0
Liam Pecararo,LW,9,0,0,0,0,0,0,0,0,0,0,0,0,0,0,0,0,0,0,0,0,0,6,0
Pavel Dorofeyev,C,63,27,25,52,9,34,5,8,0,0,4,4,2,0,3,0,3,5,1,60,0.83,0.54,187,14.4
Ben Jones,C,66,25,16,41,8,74,3,7,2,0,4,2,3,1,3,3,0,0,0,0,0.62,1.12,145,17.2
Daniil Miromanov,D,53,11,29,40,11,30,4,12,0,0,1,4,2,0,0,0,0,1,0,0,0.75,0.57,142,7.7
Paul Cotter,RW,59,20,15,35,0,62,6,7,0,0,2,3,3,0,2,1,1,2,1,50,0.59,1.05,163,12.3
Sven Baertschi,LW,44,15,13,28,-14,6,6,7,0,0,3,2,2,1,0,0,0,1,0,0,0.64,0.14,89,16.9
Alan Quine,C,39,6,22,28,1,8,2,8,0,0,0,2,1,0,1,0,0,1,0,0,0.72,0.21,46,13
Jake Leschyshyn,C,34,14,13,27,10,24,6,4,0,1,2,2,3,0,0,0,0,0,0,0,0.79,0.71,70,20
Jonas Rondbjerg,RW,39,14,13,27,8,4,3,5,1,0,2,1,0,1,1,0,0,2,0,0,0.69,0.1,78,17.9
Gage Quinney,LW,38,12,11,23,1,8,3,4,0,0,3,2,2,0,1,0,1,3,1,33.3,0.61,0.21,87,13.8
Colt Conrad,C,44,7,15,22,5,14,1,2,0,1,2,2,0,2,0,0,0,0,0,0,0.5,0.32,39,17.9
Peter Diliberatore,D,53,3,17,20,1,54,0,5,0,0,0,0,1,0,0,0,0,1,0,0,0.38,1.02,92,3.3
Maxim Marushev,C,54,6,13,19,0,22,0,1,2,0,1,1,0,0,1,0,0,0,0,0,0.35,0.41,87,6.9
Derrick Pouliot,D,42,2,17,19,-1,36,0,6,0,0,0,1,0,0,0,0,0,0,0,0,0.45,0.86,63,3.2
Jack Dugan,LW,35,6,12,18,-8,21,5,6,0,0,0,0,3,0,1,1,0,1,0,0,0.51,0.6,47,12.8
Jermaine Loewen,RW,44,6,8,14,15,84,0,0,0,0,2,0,0,0,0,0,0,0,0,0,0.32,1.91,56,10.7
Kaedan Korczak,D,47,2,12,14,-1,28,1,1,0,0,1,1,0,0,0,0,0,0,0,0,0.3,0.6,55,3.6
Mason Primeau,C,52,3,8,11,-7,49,0,2,0,0,2,2,0,0,0,0,0,0,0,0,0.21,0.94,29,10.3
Brayden Pachal,D,65,2,9,11,-4,90,1,1,0,0,0,0,0,0,1,1,0,0,0,0,0.17,1.38,82,2.4
Ian McCoshen,D,60,1,10,11,1,60,0,0,0,0,0,0,0,0,0,0,0,0,0,0,0.18,1,62,1.6
Reid Duke,C,45,6,4,10,0,39,1,0,0,0,1,1,0,0,2,0,0,0,0,0,0.22,0.87,75,8
Lucas Elvenes,C,20,2,8,10,-2,4,1,5,0,0,0,1,0,0,0,0,0,0,0,0,0.5,0.2,17,11.8
Zack Hayes,D,54,2,8,10,10,66,0,1,0,0,0,1,0,0,0,0,0,0,0,0,0.19,1.22,42,4.8
Brendan Brisson,F,7,3,5,8,0,4,2,1,0,0,0,1,1,0,0,0,0,1,0,0,1.14,0.57,12,25
Connor Corcoran,D,12,5,2,7,0,8,3,2,0,0,1,2,0,0,0,0,0,0,0,0,0.58,0.67,25,20
Layton Ahac,D,32,0,6,6,-2,8,0,2,0,0,0,0,0,0,0,0,0,0,0,0,0.19,0.25,34,0
Lynden McCallum,F,20,1,4,5,-7,8,0,2,0,0,0,0,0,0,0,0,0,0,0,0,0.25,0.4,12,8.3
Peyton Krebs,LW,2,0,5,5,1,4,0,3,0,0,0,0,0,0,0,0,1,1,1,100,2.5,2,2,0
Matt Boudens,C,30,0,5,5,-3,45,0,0,0,0,0,0,0,0,0,0,0,0,0,0,0.17,1.5,18,0
Ben Thomson,LW,15,2,1,3,-5,18,0,0,0,0,0,0,0,0,0,0,0,0,0,0,0.2,1.2,12,16.7
Daniel D'Amato,F,5,1,2,3,1,4,0,0,0,0,0,1,0,0,0,0,0,0,0,0,0.6,0.8,3,33.3
Adam Brooks,C,5,0,3,3,0,0,0,0,0,0,0,0,0,0,0,0,0,0,0,0,0.6,0,5,0
Brandon Hickey,D,13,0,2,2,1,8,0,0,0,0,0,0,0,0,0,0,0,0,0,0,0.15,0.62,9,0
Connor Ford,F,11,1,0,1,-3,0,1,0,0,0,0,0,0,0,0,0,0,0,0,0,0.09,0,15,6.7
Brandon Kruse,F,3,0,1,1,1,2,0,0,0,0,0,0,0,0,0,0,0,0,0,0,0.33,0.67,2,0
Tariq Hammond,D,4,0,1,1,1,4,0,0,0,0,0,0,0,0,0,0,0,0,0,0,0.25,1,2,0
Ivan Morozov,F,1,0,0,0,2,0,0,0,0,0,0,0,0,0,0,0,0,0,0,0,0,0,1,0
Calder Brooks,F,3,0,0,0,-1,0,0,0,0,0,0,0,0,0,0,0,0,0,0,0,0,0,2,0
Tyler Busch,C,4,0,0,0,-1,6,0,0,0,0,0,0,0,0,0,0,0,0,0,0,0,1.5,3,0
Blake Siebenaler,D,4,0,0,0,0,2,0,0,0,0,0,0,0,0,0,0,0,0,0,0,0,0.5,2,0
Mike Vecchione,C,59,16,28,44,-5,37,6,14,0,0,3,5,3,1,0,1,0,3,0,0,0.75,0.63,123,13
Garrett Pilon,C,60,17,25,42,2,30,6,4,0,0,1,1,0,0,0,0,0,3,0,0,0.7,0.5,145,11.7
Joe Snively,LW,35,15,23,38,22,18,4,8,3,1,3,2,2,1,5,2,1,3,1,33.3,1.09,0.51,102,14.7
Cody Franson,D,62,9,26,35,-14,14,5,13,0,0,1,1,0,0,0,0,0,0,0,0,0.56,0.23,112,8
Axel Jonsson-Fjallby,LW,44,16,18,34,-2,8,4,5,1,1,4,5,1,2,3,0,1,3,0,33.3,0.77,0.18,108,14.8
Shane Gersich,LW,71,14,20,34,4,60,1,1,2,0,3,4,0,1,1,0,0,0,0,0,0.48,0.85,152,9.2
Mason Morelli,RW,68,12,21,33,8,56,2,1,0,0,2,0,1,2,0,0,0,0,0,0,0.49,0.82,153,7.8
Lucas Johansen,D,62,8,20,28,20,18,1,5,0,2,1,2,2,1,0,0,0,2,0,0,0.45,0.29,74,10.8
Alexei Protas,C,42,8,16,24,-3,10,2,5,0,0,2,2,0,0,0,0,0,1,0,0,0.57,0.24,80,10
Bobby Nardella,D,44,6,17,23,-4,18,2,8,0,0,0,1,1,0,0,0,0,0,0,0,0.52,0.41,91,6.6
Mike Sgarbossa,C,30,10,11,21,-8,10,3,6,0,0,0,2,3,0,1,1,1,2,0,50,0.7,0.33,74,13.5
Kody Clark,RW,63,8,11,19,1,53,1,0,1,0,4,2,0,1,1,0,0,0,0,0,0.3,0.84,112,7.1
Alex Alexeyev,D,68,1,18,19,6,51,0,7,0,0,0,0,0,0,0,0,0,0,0,0,0.28,0.75,80,1.3
Brian Pinho,RW,27,8,9,17,-2,6,1,1,2,1,1,0,2,0,0,1,0,1,0,0,0.63,0.22,69,11.6
Matt Moulson,LW,24,5,12,17,-3,10,2,8,0,0,1,0,1,0,0,0,0,1,0,0,0.71,0.42,50,10
Beck Malenstyn,LW,65,10,6,16,-8,20,0,0,1,0,3,2,1,0,2,1,0,0,0,0,0.25,0.31,103,9.7
Brett Leason,RW,31,6,7,13,0,14,2,1,0,0,1,1,1,1,0,0,0,0,0,0,0.42,0.45,84,7.1
Tobias Geisser,D,68,3,10,13,8,20,0,0,0,1,0,1,0,0,0,0,0,0,0,0,0.19,0.29,83,3.6
Ryan Dmowski,LW,23,7,3,10,-3,7,2,1,0,0,0,0,1,0,0,0,0,0,0,0,0.43,0.3,58,12.1
Marcus Vela,C,42,6,4,10,-4,34,0,0,0,0,2,2,0,0,0,0,0,0,0,0,0.24,0.81,51,11.8
Dylan McIlrath,D,74,4,6,10,4,99,0,0,0,0,0,1,0,0,1,0,0,0,0,0,0.14,1.34,100,4
Drake Rymsha,C,49,1,8,9,-9,60,0,0,0,1,0,1,0,0,0,0,0,0,0,0,0.18,1.22,72,1.4
Riley Sutter,C,39,2,6,8,-1,18,0,0,0,1,0,1,0,0,1,0,0,0,0,0,0.21,0.46,31,6.5
Michal Kempny,D,24,0,7,7,-3,32,0,1,0,0,0,0,0,0,0,0,0,0,0,0,0.29,1.33,47,0
Kale Kessy,LW,51,4,1,5,-14,84,0,0,0,0,0,1,0,0,0,1,0,0,0,0,0.1,1.65,38,10.5
Eddie Wittchow,RW,48,1,4,5,-15,61,0,0,0,0,0,0,0,0,0,0,0,0,0,0,0.1,1.27,67,1.5
Macoy Erkamps,D,11,0,4,4,6,4,0,0,0,0,0,0,0,0,0,0,0,0,0,0,0.36,0.36,4,0
Jake Massie,D,34,2,1,3,-8,16,1,1,0,0,0,0,0,0,0,0,0,0,0,0,0.09,0.47,43,4.7
Christopher Brown,RW,25,1,1,2,2,6,0,1,0,0,1,0,0,0,0,0,0,0,0,0,0.08,0.24,28,3.6
Ethen Frank,RW,5,1,0,1,-1,0,1,0,0,0,0,0,0,0,0,0,0,0,0,0,0.2,0,8,12.5
Colby McAuley,RW,5,0,1,1,0,6,0,0,0,0,0,0,0,0,0,0,0,0,0,0,0.2,1.2,5,0
Tariq Hammond,D,8,0,1,1,-2,4,0,0,0,0,0,0,0,0,0,0,0,0,0,0,0.13,0.5,3,0
Benton Maass,D,1,0,0,0,0,0,0,0,0,0,0,0,0,0,0,0,0,0,0,0,0,0,2,0
Jordan Subban,D,1,0,0,0,0,0,0,0,0,0,0,0,0,0,0,0,0,0,0,0,0,0,2,0
Will Graber,C,2,0,0,0,-1,0,0,0,0,0,0,0,0,0,0,0,0,0,0,0,0,0,4,0
Nick Isaacson,LW,3,0,0,0,0,9,0,0,0,0,0,0,0,0,0,0,0,0,0,0,0,3,3,0
Julian Napravnik,LW,4,0,0,0,-2,0,0,0,0,0,0,0,0,0,0,0,0,0,0,0,0,0,5,0
Kyle Rau,LW,55,25,28,53,10,56,8,4,0,2,7,7,3,0,1,1,1,4,0,25,0.96,1.02,138,18.1
Marco Rossi,C,63,18,35,53,11,46,5,14,0,0,2,2,0,1,1,0,0,6,0,0,0.84,0.73,157,11.5
Mason Shaw,LW,62,19,33,52,4,106,8,9,1,0,5,4,1,0,0,1,0,0,0,0,0.84,1.71,180,10.6
Mitchell Chaffee,RW,49,23,16,39,8,14,9,4,0,0,2,4,5,1,1,0,0,1,0,0,0.8,0.29,134,17.2
Nick Swaney,RW,62,16,22,38,3,18,3,5,3,0,1,3,1,0,2,2,1,2,1,50,0.61,0.29,148,10.8
Adam Beckman,LW,68,11,23,34,-13,28,4,8,0,0,0,1,0,0,0,0,1,2,1,50,0.5,0.41,203,5.4
Calen Addison,D,43,7,27,34,-6,70,3,15,0,0,2,0,0,1,0,0,0,0,0,0,0.79,1.63,102,6.9
Joe Hicketts,D,61,12,19,31,-1,35,2,9,0,0,3,4,0,2,1,0,0,0,0,0,0.51,0.57,131,9.2
Dakota Mermis,D,59,3,21,24,-9,86,1,9,0,1,0,1,0,0,0,0,0,0,0,0,0.41,1.46,126,2.4
Turner Ottenbreit,D,68,3,17,20,5,65,0,0,0,2,0,0,0,0,0,0,0,0,0,0,0.29,0.96,85,3.5
Joseph Cramarossa,LW,51,10,9,19,-1,62,1,2,1,0,2,1,2,1,0,1,1,4,0,25,0.37,1.22,76,13.2
Nolan Stevens,LW,53,6,13,19,-13,26,2,2,0,0,0,0,1,0,0,0,0,0,0,0,0.36,0.49,59,10.2
Connor Dewar,C,19,8,9,17,9,17,1,4,2,0,0,1,2,0,0,1,1,2,0,50,0.89,0.89,72,11.1
Dominic Turgeon,C,58,6,9,15,-11,26,0,1,0,0,0,0,0,0,1,1,0,0,0,0,0.26,0.45,79,7.6
Matt Boldy,LW,10,4,6,10,0,6,2,5,0,0,0,1,0,0,0,0,0,1,0,0,1,0.6,36,11.1
Victor Rask,C,10,2,8,10,4,2,1,2,0,0,0,0,0,0,0,0,0,1,0,0,1,0.2,29,6.9
Kevin Czuczman,D,48,2,8,10,-1,17,0,0,0,0,0,0,0,0,0,1,0,0,0,0,0.21,0.35,78,2.6
Bryce Gervais,F,43,2,7,9,2,15,0,0,0,0,1,0,0,0,0,0,0,0,0,0,0.21,0.35,33,6.1
Jon Lizotte,D,56,2,7,9,-5,23,1,0,0,1,0,0,0,0,0,0,0,0,0,0,0.16,0.41,65,3.1
Nathan Sucese,LW,43,4,4,8,-2,10,0,0,0,0,0,1,1,0,1,0,0,0,0,0,0.19,0.23,44,9.1
Cody McLeod,LW,59,4,4,8,-13,141,0,0,0,1,0,0,0,0,0,0,0,0,0,0,0.14,2.39,72,5.6
William Bitten,RW,23,3,5,8,-16,6,1,3,0,0,1,1,0,0,0,0,0,0,0,0,0.35,0.26,56,5.4
Brandon Baddock,LW,61,3,5,8,-6,131,0,0,0,0,1,0,0,0,1,0,0,0,0,0,0.13,2.15,64,4.7
Damien Giroux,C,48,3,4,7,-22,20,0,0,0,0,2,0,0,0,0,0,0,0,0,0,0.15,0.42,51,5.9
Eric Staal,C,4,2,3,5,2,0,0,1,0,1,1,0,0,1,0,0,0,0,0,0,1.25,0,8,25
Alexander Khovanov,F,22,1,4,5,-8,18,1,0,0,0,0,0,0,0,0,0,0,0,0,0,0.23,0.82,25,4
Jake Linhart,D,15,1,3,4,-2,4,0,2,0,0,0,0,1,0,0,0,0,0,0,0,0.27,0.27,16,6.3
Keaton Thompson,D,28,1,3,4,-6,25,0,0,0,1,0,0,0,0,0,0,0,0,0,0,0.14,0.89,24,4.2
Brenden Miller,D,33,1,3,4,9,23,0,0,0,0,0,0,0,0,0,0,0,0,0,0,0.12,0.7,22,4.5
Bryce Misley,LW,18,3,0,3,2,16,0,0,0,0,1,0,0,0,0,0,0,0,0,0,0.17,0.89,10,30
Vladislav Firstov,LW,8,0,2,2,4,4,0,0,0,0,0,0,0,0,0,0,0,0,0,0,0.25,0.5,3,0
Riese Zmolek,D,10,0,2,2,-1,2,0,0,0,0,0,0,0,0,0,0,0,0,0,0,0.2,0.2,5,0
Kris Bennett,C,12,1,0,1,-4,8,0,0,0,0,0,0,0,0,0,0,0,0,0,0,0.08,0.67,7,14.3
Doyle Somerby,D,14,0,1,1,0,21,0,0,0,0,0,0,0,0,0,0,0,0,0,0,0.07,1.5,17,0
Kaid Oliver,F,1,0,0,0,-1,0,0,0,0,0,0,0,0,0,0,0,0,0,0,0,0,0,0,0
Ryan Kuffner,LW,5,0,0,0,-2,0,0,0,0,0,0,0,0,0,0,0,0,0,0,0,0,0,3,0
Adrien Beraldo,D,6,0,0,0,-3,7,0,0,0,0,0,0,0,0,0,0,0,0,0,0,0,1.17,3,0
Rafael Harvey-Pinard,LW,69,21,35,56,29,20,5,10,4,0,4,0,3,1,4,2,1,4,1,25,0.81,0.29,128,16.4
Jean-Sebastien Dea,C,70,26,26,52,-2,42,4,13,0,0,8,2,3,2,3,4,0,3,0,0,0.74,0.6,163,16
Xavier Ouellet,D,61,8,33,41,-5,47,5,15,0,1,0,2,1,0,0,0,0,1,0,0,0.67,0.77,144,5.6
Nate Schnarr,C,63,17,19,36,21,36,2,5,0,0,5,0,2,0,0,1,0,0,0,0,0.57,0.57,106,16
Jesse Ylonen,RW,52,14,22,36,-16,12,9,7,0,0,0,2,3,0,1,0,1,3,0,33.3,0.69,0.23,121,11.6
Danick Martel,LW,70,17,16,33,-11,82,2,2,1,1,2,4,2,0,1,0,0,0,0,0,0.47,1.17,174,9.8
Kevin Roy,LW,62,13,20,33,-6,18,1,6,0,0,3,2,0,0,1,1,0,2,0,0,0.53,0.29,122,10.7
Louie Belpedio,D,69,11,19,30,-1,92,4,7,0,0,1,1,2,0,1,1,0,0,0,0,0.43,1.33,156,7.1
Joel Teasdale,LW,44,15,13,28,-1,17,2,3,0,1,2,2,2,0,0,0,0,0,0,0,0.64,0.39,90,16.7
Gabriel Bourque,LW,67,11,17,28,0,59,0,0,3,2,0,1,2,0,3,4,0,0,0,0,0.42,0.88,94,11.7
Brandon Gignac,LW,48,10,16,26,7,12,0,2,3,0,2,0,2,1,0,2,0,1,0,0,0.54,0.25,84,11.9
Alex Belzile,C,32,10,12,22,1,23,4,2,0,0,2,2,2,1,2,1,0,0,0,0,0.69,0.72,55,18.2
Justin Barron,D,43,5,15,20,10,8,1,2,0,0,2,0,0,0,1,0,0,0,0,0,0.47,0.19,59,8.5
Peter Abbandonato,C,38,4,16,20,-2,4,2,3,0,0,4,0,0,0,0,0,0,0,0,0,0.53,0.11,40,10
Tobie Paquette-Bisson,D,55,3,16,19,3,27,0,0,0,0,0,1,0,0,0,0,0,0,0,0,0.35,0.49,73,4.1
Tory Dello,D,55,5,13,18,28,46,0,0,0,2,0,3,0,0,1,0,0,0,0,0,0.33,0.84,67,7.5
Jean-Christophe Beaudin,C,41,4,13,17,2,33,0,3,0,0,0,0,0,0,1,1,0,0,0,0,0.41,0.8,55,7.3
Laurent Dauphin,C,18,11,5,16,-6,12,3,2,0,0,1,1,0,1,0,0,0,1,0,0,0.89,0.67,61,18
Lukas Vejdemo,C,34,6,10,16,3,12,1,0,2,2,0,1,0,0,1,0,1,1,0,100,0.47,0.35,61,9.8
Sami Niku,D,36,2,11,13,3,14,0,1,0,0,0,0,0,0,0,1,0,1,0,0,0.36,0.39,43,4.7
Terrance Amorosa,D,35,1,12,13,22,10,0,0,0,0,0,0,0,0,0,0,0,0,0,0,0.37,0.29,25,4
Corey Schueneman,D,32,4,7,11,1,12,1,1,0,0,0,0,0,0,0,0,0,0,0,0,0.34,0.38,57,7
Cedric Paquette,C,14,9,1,10,1,28,2,1,0,0,1,2,2,0,1,0,0,0,0,0,0.71,2,40,22.5
Cameron Hillis,C,24,5,4,9,4,14,0,0,0,0,0,2,1,0,2,0,0,0,0,0,0.38,0.58,28,17.9
Alexandre Fortin,LW,34,4,5,9,-1,8,0,0,0,0,1,2,0,0,0,0,1,1,1,100,0.26,0.24,53,7.5
Devante Smith-Pelly,RW,24,4,4,8,2,6,0,0,0,0,0,1,0,0,0,0,0,0,0,0,0.33,0.25,30,13.3
Justin Ducharme,LW,19,5,2,7,3,8,0,0,0,0,0,1,0,0,0,0,0,0,0,0,0.37,0.42,21,23.8
Brandon Baddock,LW,33,3,4,7,-1,77,0,0,0,0,1,0,0,0,1,0,0,0,0,0,0.21,2.33,41,7.3
Gianni Fairbrother,D,25,1,6,7,-14,46,0,0,0,0,1,1,0,0,0,0,0,0,0,0,0.28,1.84,19,5.3
Ryan Poehling,C,7,3,3,6,-3,0,0,1,0,0,0,0,1,0,0,0,0,0,0,0,0.86,0,15,20
Michael Pezzetta,LW,8,3,3,6,7,16,0,0,0,0,1,1,0,0,0,0,0,0,0,0,0.75,2,11,27.3
Shawn St-Amant,F,14,2,4,6,-5,8,0,0,0,0,0,1,0,0,0,0,0,0,0,0,0.43,0.57,25,8
Cole Caufield,RW,6,2,3,5,-6,0,0,2,0,0,0,0,0,0,2,0,1,1,0,100,0.83,0,24,8.3
Nicolas Mattinen,D,8,1,2,3,5,4,0,0,0,0,1,0,0,0,0,0,0,0,0,0,0.38,0.5,7,14.3
Cedric Desruisseaux,RW,3,1,1,2,1,4,0,0,0,0,0,1,0,0,0,0,0,0,0,0,0.67,1.33,4,25
Mattias Norlinder,D,6,1,1,2,-2,2,1,0,0,0,0,0,0,0,0,0,0,0,0,0,0.33,0.33,2,50
Charles-David Beaudoin,D,5,0,2,2,1,4,0,0,0,0,0,0,0,0,0,0,0,0,0,0,0.4,0.8,6,0
Carl Neill,D,16,0,2,2,-3,4,0,0,0,0,0,0,0,0,0,0,0,0,0,0,0.13,0.25,12,0
Olivier Galipeau,D,18,0,2,2,-2,8,0,0,0,0,0,0,0,0,0,0,0,0,0,0,0.11,0.44,17,0
Darien Kielb,D,6,0,1,1,3,10,0,0,0,0,0,0,0,0,0,0,0,0,0,0,0.17,1.67,9,0
Lucas Condotta,LW,7,0,1,1,-2,2,0,0,0,0,0,0,0,0,0,0,0,0,0,0,0.14,0.29,4,0
Ryan Valentini,C,1,0,0,0,0,0,0,0,0,0,0,0,0,0,0,0,0,0,0,0,0,0,0,0
Dominic Cormier,D,2,0,0,0,0,0,0,0,0,0,0,0,0,0,0,0,0,0,0,0,0,0,2,0
Mathew Santos,RW,3,0,0,0,1,0,0,0,0,0,0,0,0,0,0,0,0,0,0,0,0,0,2,0
Josh Brook,D,6,0,0,0,-5,8,0,0,0,0,0,0,0,0,0,0,0,0,0,0,0,1.33,5,0
Cal O'Reilly,C,75,21,32,53,-12,20,7,9,3,0,3,6,2,1,1,1,0,2,0,0,0.71,0.27,139,15.1
Adam Clendening,D,74,5,37,42,-15,78,0,18,0,0,3,1,0,1,1,1,2,6,1,33.3,0.57,1.05,144,3.5
Garrett Wilson,LW,70,17,16,33,-10,115,4,3,0,0,1,2,1,0,0,2,0,0,0,0,0.47,1.64,140,12.1
Hayden Hodgson,RW,46,19,12,31,6,70,3,2,0,0,1,2,2,0,2,1,0,1,0,0,0.67,1.52,89,21.3
Yegor Zamula,D,58,4,25,29,2,16,1,4,0,0,1,0,0,0,0,0,0,0,0,0,0.5,0.28,97,4.1
Isaac Ratcliffe,LW,59,11,17,28,-5,61,3,3,0,0,1,2,0,0,1,0,0,0,0,0,0.47,1.03,104,10.6
Linus Sandin,RW,36,8,12,20,-3,16,2,3,0,1,3,2,1,0,1,0,0,0,0,0,0.56,0.44,53,15.1
Max Willman,LW,34,11,8,19,0,33,2,0,2,1,1,3,1,0,1,1,0,1,0,0,0.56,0.97,105,10.5
Morgan Frost,C,24,6,13,19,-9,8,1,4,0,2,1,1,0,0,0,0,0,1,0,0,0.79,0.33,45,13.3
Logan Day,D,72,6,13,19,1,26,0,2,0,0,2,0,0,0,0,0,0,0,0,0,0.26,0.36,121,5
Adam Johnson,LW,58,5,13,18,-9,30,1,2,0,0,0,2,0,0,0,0,0,0,0,0,0.31,0.52,103,4.9
Wyatte Wylie,D,65,5,13,18,-7,24,0,0,0,0,0,1,1,0,0,0,0,0,0,0,0.28,0.37,81,6.2
Wade Allison,F,28,10,7,17,-4,4,3,3,0,0,3,2,1,0,0,1,1,2,1,50,0.61,0.14,85,11.8
Maxim Sushko,RW,63,10,7,17,-5,31,0,0,0,0,2,3,3,0,2,2,0,0,0,0,0.27,0.49,49,20.4
Tanner Laczynski,F,28,7,10,17,-2,8,1,5,0,0,0,0,2,0,3,0,0,2,0,0,0.61,0.29,82,8.5
Gerry Mayhew,C,24,9,7,16,-7,20,4,1,0,0,1,3,0,0,0,1,1,3,0,33.3,0.67,0.83,55,16.4
Matthew Strome,LW,63,5,11,16,-2,26,0,1,0,0,1,1,0,0,0,0,0,3,0,0,0.25,0.41,71,7
Charlie Gerard,RW,55,6,6,12,-13,20,0,0,0,1,0,2,0,0,1,1,0,0,0,0,0.22,0.36,80,7.5
Cam York,D,34,2,10,12,-8,12,0,4,0,0,0,0,0,0,0,0,0,0,0,0,0.35,0.35,36,5.6
Connor Bunnaman,C,41,6,5,11,-6,10,1,0,0,1,2,1,0,0,0,0,0,0,0,0,0.27,0.24,76,7.9
Brennan Menell,D,38,1,10,11,-6,34,0,3,0,0,1,0,0,0,0,0,0,1,0,0,0.29,0.89,47,2.1
Cooper Zech,D,53,1,10,11,3,12,0,0,0,0,1,1,0,0,0,0,0,0,0,0,0.21,0.23,74,1.4
Jackson Cates,C,37,2,8,10,-11,2,0,2,2,0,0,0,1,0,1,0,0,0,0,0,0.27,0.05,47,4.3
Nick Lappin,RW,38,5,3,8,1,13,0,0,0,0,0,0,0,0,0,0,0,0,0,0,0.21,0.34,37,13.5
Linus Hogberg,D,58,0,8,8,-4,14,0,0,0,1,0,0,0,0,0,0,0,0,0,0,0.14,0.24,49,0
Alex Kile,LW,27,4,3,7,-10,0,0,1,0,0,0,0,0,0,1,0,0,0,0,0,0.26,0,29,13.8
Brennan Saulnier,F,43,3,3,6,-8,88,0,0,0,0,0,1,0,0,0,0,0,0,0,0,0.14,2.05,36,8.3
German Rubtsov,C,37,2,4,6,-10,0,0,0,0,0,0,1,0,0,0,0,0,0,0,0,0.16,0,28,7.1
Tyson Foerster,RW,9,2,1,3,-7,4,2,0,0,0,0,0,1,0,0,0,0,0,0,0,0.33,0.44,23,8.7
Ryan MacKinnon,D,25,2,1,3,3,10,0,0,0,0,0,0,0,0,0,0,0,0,0,0,0.12,0.4,16,12.5
Brad Morrison,C,1,0,1,1,1,0,0,0,0,0,0,0,0,0,0,0,0,0,0,0,1,0,0,0
Mason Millman,D,12,0,1,1,-5,8,0,0,0,0,0,0,0,0,0,0,0,0,0,0,0.08,0.67,7,0
Colin Felix,D,1,0,0,0,-1,7,0,0,0,0,0,0,0,0,0,0,0,0,0,0,0,7,0,0
Nick Master,F,1,0,0,0,-1,0,0,0,0,0,0,0,0,0,0,0,0,0,0,0,0,0,0,0
Will Riedell,D,2,0,0,0,-1,0,0,0,0,0,0,0,0,0,0,0,0,0,0,0,0,0,1,0
Samu Tuomaala,F,2,0,0,0,0,0,0,0,0,0,0,0,0,0,0,0,0,0,0,0,0,0,1,0
Ryan Fitzgerald,LW,4,0,0,0,-2,2,0,0,0,0,0,0,0,0,0,0,0,0,0,0,0,0.5,1,0
Garrett McFadden,D,4,0,0,0,-3,2,0,0,0,0,0,0,0,0,0,0,0,0,0,0,0,0.5,3,0
Adam Karashik,D,8,0,0,0,-3,4,0,0,0,0,0,0,0,0,0,0,0,0,0,0,0,0.5,8,0
Michael Eyssimont,LW,58,18,24,42,15,90,3,8,0,0,2,0,4,0,2,0,3,6,2,50,0.72,1.55,205,8.8
Jeff Malott,LW,62,23,18,41,11,55,10,7,0,0,8,4,3,2,1,0,2,3,1,66.7,0.66,0.89,166,13.9
Cole Maier,C,68,16,21,37,11,57,2,1,1,1,2,1,1,0,3,1,1,2,0,50,0.54,0.84,159,10.1
Leon Gawanke,D,65,10,26,36,-1,19,4,9,0,0,1,2,0,1,0,0,1,1,1,100,0.55,0.29,141,7.1
Nick Jones,C,60,12,22,34,11,36,1,3,1,1,1,3,1,0,3,1,0,1,0,0,0.57,0.6,111,10.8
David Gustafsson,C,47,15,15,30,4,10,6,4,1,1,3,1,1,0,1,1,2,5,1,40,0.64,0.21,102,14.7
Johnny Kovacevic,D,62,11,19,30,23,45,0,2,0,0,1,1,1,0,1,0,0,1,0,0,0.48,0.73,135,8.1
Austin Poganski,RW,49,9,21,30,1,20,2,6,0,0,1,1,3,0,2,2,0,1,0,0,0.61,0.41,82,11
Declan Chisholm,D,53,9,21,30,1,20,2,7,0,0,1,4,0,0,0,0,0,1,0,0,0.57,0.38,76,11.8
C.J. Suess,C,46,14,14,28,5,16,2,5,1,0,3,1,1,0,1,0,0,1,0,0,0.61,0.35,103,13.6
Greg Meireles,RW,49,5,22,27,-2,19,3,6,0,0,1,1,1,0,0,0,1,1,0,100,0.55,0.39,72,6.9
Ville Heinola,D,41,5,21,26,7,18,5,9,0,0,0,0,1,0,0,0,0,1,0,0,0.63,0.44,113,4.4
Evan Polei,LW,62,12,11,23,8,97,0,0,0,0,2,4,1,1,0,1,0,0,0,0,0.37,1.56,95,12.6
Bobby Lynch,RW,46,8,13,21,-8,10,1,2,0,0,1,1,0,0,1,0,0,0,0,0,0.46,0.22,70,11.4
Morgan Barron,C,30,10,7,17,-7,10,5,3,2,0,2,0,1,0,3,1,0,2,0,0,0.57,0.33,72,13.9
Jimmy Oligny,D,67,4,13,17,-1,91,0,0,0,0,1,1,0,1,0,0,0,0,0,0,0.25,1.36,93,4.3
Cole Perfetti,C,17,6,9,15,6,2,2,4,0,0,0,3,0,0,0,0,0,1,0,0,0.88,0.12,48,12.5
Haralds Egle,RW,30,5,9,14,10,4,0,1,0,0,2,2,0,0,0,0,0,1,0,0,0.47,0.13,38,13.2
Simon Lundmark,D,57,4,10,14,-4,14,0,1,0,0,0,1,1,0,0,0,0,0,0,0,0.25,0.25,79,5.1
Todd Burgess,RW,35,7,6,13,-1,9,1,4,0,0,1,1,1,0,0,0,1,1,0,100,0.37,0.26,56,12.5
Kristian Reichel,RW,30,5,8,13,0,12,1,4,2,0,2,0,1,0,1,1,1,1,0,100,0.43,0.4,67,7.5
Dylan Samberg,D,32,0,12,12,10,26,0,0,0,0,0,0,0,0,0,0,0,0,0,0,0.38,0.81,38,0
Luke Johnson,C,23,3,7,10,-7,33,0,5,0,0,1,1,0,0,0,0,1,1,1,100,0.43,1.43,62,4.8
Dean Stewart,D,20,1,8,9,-3,4,1,4,0,0,0,0,0,0,0,0,0,0,0,0,0.45,0.2,30,3.3
Nick Hutchison,C,32,3,4,7,-9,27,0,0,0,0,0,1,0,0,0,0,0,0,0,0,0.22,0.84,23,13
Markus Phillips,D,45,1,6,7,10,26,0,0,0,0,0,1,0,0,0,0,0,0,0,0,0.16,0.58,45,2.2
Kristian Vesalainen,LW,17,3,3,6,-3,6,1,2,1,0,0,1,0,0,0,0,0,0,0,0,0.35,0.35,21,14.3
Nelson Nogier,D,25,3,3,6,-4,8,0,0,0,0,1,0,1,0,0,1,0,0,0,0,0.24,0.32,43,7
Thomas Caron,LW,40,3,3,6,-4,41,0,0,0,0,0,1,0,0,0,0,0,0,0,0,0.15,1.03,45,6.7
Matt Alfaro,C,20,3,1,4,-6,4,1,0,0,0,0,1,0,0,0,0,0,0,0,0,0.2,0.2,15,20
Isaac Johnson,RW,11,1,3,4,-2,0,1,0,0,0,0,0,0,0,0,0,0,0,0,0,0.36,0,13,7.7
Daniel Torgersson,LW,4,2,1,3,2,4,0,0,0,0,0,1,0,0,0,0,0,0,0,0,0.75,1,6,33.3
Tristan Langan,C,13,1,2,3,-2,2,1,0,0,0,1,1,0,0,0,0,0,0,0,0,0.23,0.15,11,9.1
Ty Pelton-Byce,C,14,1,1,2,-5,6,0,0,0,0,0,0,0,0,0,0,0,1,0,0,0.14,0.43,9,11.1
Dominic Toninato,C,2,0,1,1,0,2,0,0,0,0,0,0,0,0,0,0,0,0,0,0,0.5,1,2,0
Hayden Shaw,D,4,0,1,1,0,0,0,0,0,0,0,0,0,0,0,0,0,0,0,0,0.25,0,4,0
Tyler Boland,C,13,0,1,1,-3,0,0,0,0,0,0,0,0,0,0,0,0,1,0,0,0.08,0,12,0
Anthony Nellis,C,1,0,0,0,0,0,0,0,0,0,0,0,0,0,0,0,0,0,0,0,0,0,2,0
Tristan Pomerleau,D,2,0,0,0,0,0,0,0,0,0,0,0,0,0,0,0,0,0,0,0,0,0,1,0
Wyatt Bongiovanni,C,3,0,0,0,1,0,0,0,0,0,0,0,0,0,0,0,0,0,0,0,0,0,2,0
Chris Martenet,D,4,0,0,0,1,2,0,0,0,0,0,0,0,0,0,0,0,0,0,0,0,0.5,2,0
Henri Nikkanen,C,4,0,0,0,2,2,0,0,0,0,0,0,0,0,0,0,0,0,0,0,0,0.5,4,0
Trent Bourque,D,9,0,0,0,1,8,0,0,0,0,0,0,0,0,0,0,0,0,0,0,0,0.89,6,0
Cody Glass,C,66,14,48,62,15,20,5,10,0,0,3,2,1,1,1,0,1,4,0,25,0.94,0.3,165,8.5
Cole Schneider,LW,71,30,30,60,17,18,11,9,0,1,7,3,4,1,0,2,3,3,1,100,0.85,0.25,157,19.1
Rocco Grimaldi,RW,44,26,26,52,14,14,8,12,1,0,5,1,5,1,0,4,1,3,1,33.3,1.18,0.32,135,19.3
Cole Smith,LW,59,21,20,41,3,62,8,6,0,2,3,2,3,1,1,0,0,0,0,0,0.69,1.05,123,17.1
Matt Donovan,D,76,8,32,40,-5,57,2,17,0,2,4,3,0,0,0,0,0,0,0,0,0.53,0.75,126,6.3
Jimmy Huntington,C,61,13,22,35,-6,35,3,6,0,0,1,1,1,1,0,1,0,0,0,0,0.57,0.57,82,15.9
Thomas Novak,C,42,7,27,34,4,16,2,15,0,1,1,0,0,0,0,0,0,2,0,0,0.81,0.38,99,7.1
Yegor Afanasyev,LW,74,12,21,33,8,45,5,9,0,0,1,2,0,0,1,0,0,2,0,0,0.45,0.61,147,8.2
Matt Luff,RW,30,14,17,31,1,16,4,9,0,0,2,3,1,0,0,1,0,0,0,0,1.03,0.53,101,13.9
Jeremy Davies,D,54,6,25,31,13,47,2,5,0,0,1,1,0,1,0,0,0,3,0,0,0.57,0.87,110,5.5
Brayden Burke,LW,46,7,23,30,9,22,3,4,0,0,2,1,0,0,1,0,0,0,0,0,0.65,0.48,48,14.6
Graham Knott,F,61,13,13,26,5,20,2,1,1,0,0,1,0,0,0,0,2,2,1,100,0.43,0.33,70,18.6
Mitchell McLain,C,76,17,6,23,-5,113,3,1,3,0,3,3,1,0,2,2,0,0,0,0,0.3,1.49,117,14.5
Marc Del Gaizo,D,67,6,13,19,-8,28,1,3,0,1,0,2,1,0,1,1,0,0,0,0,0.28,0.42,103,5.8
Alex Biega,D,46,4,10,14,12,42,3,1,0,2,0,1,2,0,0,0,0,0,0,0,0.3,0.91,78,5.1
Matt Tennyson,D,53,3,11,14,-3,44,1,0,0,0,0,1,0,0,0,0,0,0,0,0,0.26,0.83,66,4.5
David Farrance,D,50,1,13,14,-3,15,1,6,0,0,0,1,0,0,1,0,1,2,0,50,0.28,0.3,47,2.1
Anthony Richard,LW,31,7,5,12,-6,14,1,0,1,0,3,1,0,2,0,1,0,0,0,0,0.39,0.45,70,10
Grant Mismash,LW,57,6,6,12,-13,20,1,1,0,0,0,1,0,0,0,0,0,2,0,0,0.21,0.35,53,11.3
Joseph LaBate,LW,56,5,7,12,-10,121,0,0,0,0,1,0,3,0,1,1,0,0,0,0,0.21,2.16,93,5.4
Kole Sherwood,RW,44,5,6,11,-12,35,1,0,0,0,1,0,0,0,0,0,0,0,0,0,0.25,0.8,88,5.7
Mathieu Olivier,RW,46,5,6,11,-7,76,0,0,1,0,0,1,0,0,1,1,0,0,0,0,0.24,1.65,47,10.6
Dylan Blujus,D,43,1,10,11,1,30,0,0,0,0,0,0,0,0,0,0,0,0,0,0,0.26,0.7,29,3.4
Josh Healey,D,57,1,7,8,20,89,0,0,0,0,0,0,0,0,0,0,0,0,0,0,0.14,1.56,40,2.5
Michael McCarron,C,14,3,3,6,-3,15,0,2,0,0,0,1,1,0,0,0,0,0,0,0,0.43,1.07,21,14.3
Zach Solow,RW,20,3,2,5,-7,10,0,1,0,0,2,1,0,0,0,0,0,0,0,0,0.25,0.5,23,13
Frederic Allard,D,36,1,4,5,0,12,0,0,0,0,0,0,0,0,0,0,0,0,0,0,0.14,0.33,51,2
Tommy Apap,C,35,1,2,3,-5,20,0,0,0,0,0,0,0,0,0,0,0,0,0,0,0.09,0.57,18,5.6
Jake McLaughlin,D,13,0,3,3,1,0,0,1,0,0,0,0,0,0,0,0,0,0,0,0,0.23,0,11,0
Xavier Bouchard,D,2,0,0,0,-1,2,0,0,0,0,0,0,0,0,0,0,0,0,0,0,0,1,2,0
Jachym Kondelik,C,2,0,0,0,0,0,0,0,0,0,0,0,0,0,0,0,0,0,0,0,0,0,2,0
Spencer Stastney,D,2,0,0,0,-1,0,0,0,0,0,0,0,0,0,0,0,0,0,0,0,0,0,0,0
Matt Bradley,C,4,0,0,0,-2,4,0,0,0,0,0,0,0,0,0,0,0,0,0,0,0,1,1,0
Avery Peterson,F,5,0,0,0,-3,7,0,0,0,0,0,0,0,0,0,0,0,0,0,0,0,1.4,8,0
Ben Harpur,D,6,0,0,0,0,5,0,0,0,0,0,0,0,0,0,0,0,0,0,0,0,0.83,4,0
Patrick Harper,LW,9,0,0,0,-2,0,0,0,0,0,0,0,0,0,0,0,0,0,0,0,0,0,3,0
Robert Carpenter,C,11,0,0,0,-6,2,0,0,0,0,0,0,0,0,0,0,0,0,0,0,0,0.18,6,0
T.J. Tynan,C,62,14,84,98,12,18,3,46,0,0,3,1,1,1,0,2,0,0,0,0,1.58,0.29,91,15.4
Martin Frk,RW,58,40,33,73,16,73,15,9,0,0,7,8,4,3,1,2,0,1,0,0,1.26,1.26,184,21.7
Jaret Anderson-Dolan,C,54,24,23,47,9,51,12,13,0,0,2,2,4,0,0,0,1,2,1,50,0.87,0.94,133,18
Samuel Fagemo,F,63,27,17,44,17,38,9,3,0,0,3,3,3,1,1,0,2,4,0,50,0.7,0.6,136,19.9
Jordan Spence,D,46,4,38,42,18,28,2,24,0,0,0,1,0,0,0,0,0,0,0,0,0.91,0.61,114,3.5
Gabriel Vilardi,C,39,15,23,38,4,18,8,8,0,0,4,3,1,0,1,0,2,3,1,66.7,0.97,0.46,78,19.2
Tyler Madden,F,48,14,17,31,4,12,3,4,0,1,0,3,3,0,1,1,0,4,0,0,0.65,0.25,89,15.7
Vladimir Tkachyov ,F,41,7,22,29,6,26,1,8,0,0,0,1,2,0,0,0,0,0,0,0,0.71,0.63,51,13.7
Cameron Gaunce,D,61,7,20,27,12,63,0,1,0,0,1,1,0,1,0,1,0,0,0,0,0.44,1.03,90,7.8
Helge Grans,D,56,7,17,24,7,8,1,4,0,1,0,1,0,0,0,0,0,0,0,0,0.43,0.14,86,8.1
Aidan Dudas,F,61,10,13,23,6,16,0,0,0,0,2,1,2,0,0,1,0,0,0,0,0.38,0.26,98,10.2
Austin Wagner,LW,55,13,9,22,3,107,0,0,1,2,1,1,2,0,1,1,0,0,0,0,0.4,1.95,82,15.9
Brett Sutter,C,65,8,11,19,3,38,0,0,1,1,2,0,1,0,2,1,0,0,0,0,0.29,0.58,75,10.7
Alex Turcotte,C,27,6,12,18,16,20,1,1,0,1,1,1,0,0,0,0,0,1,0,0,0.67,0.74,36,16.7
Thomas Hickey,D,44,6,12,18,15,18,0,1,0,1,0,1,0,0,0,0,0,0,0,0,0.41,0.41,48,12.5
Christian Wolanin,D,37,1,17,18,-2,22,0,5,0,0,0,0,1,0,0,0,0,0,0,0,0.49,0.59,48,2.1
Brayden Burke,LW,31,6,11,17,5,18,2,1,0,0,2,1,0,0,1,0,0,0,0,0,0.55,0.58,29,20.7
Sean Durzi,D,13,5,11,16,13,20,3,3,1,0,2,1,0,0,0,0,0,0,0,0,1.23,1.54,22,22.7
Frederic Allard,D,51,4,11,15,5,22,1,4,0,0,0,0,0,0,0,0,0,0,0,0,0.29,0.43,83,4.8
Akil Thomas,F,40,8,5,13,-7,13,6,1,0,1,0,1,1,0,0,0,0,2,0,0,0.33,0.33,69,11.6
Nelson Nogier,D,38,4,6,10,-11,16,0,0,0,0,2,0,1,0,0,1,0,0,0,0,0.26,0.42,63,6.3
Taylor Ward,F,16,3,7,10,3,9,1,1,0,0,1,1,0,0,0,0,0,0,0,0,0.63,0.56,24,12.5
Jacob Moverare,D,30,3,7,10,6,8,0,1,0,0,1,0,0,0,0,0,0,0,0,0,0.33,0.27,33,9.1
Rasmus Kupari,C,15,5,3,8,2,12,0,0,1,0,1,0,0,0,0,1,0,0,0,0,0.53,0.8,27,18.5
Christian Kasastul,D,25,1,7,8,3,12,0,0,0,0,0,0,0,0,0,0,0,0,0,0,0.32,0.48,21,4.8
Austin Strand,D,32,3,4,7,-1,30,0,0,0,0,3,0,0,0,0,0,0,0,0,0,0.22,0.94,51,5.9
Lias Andersson,C,4,6,0,6,2,2,3,0,0,0,0,1,0,0,0,0,0,0,0,0,1.5,0.5,16,37.5
Quinton Byfield,C,11,4,2,6,0,10,1,1,0,0,1,0,0,1,0,0,0,1,0,0,0.55,0.91,31,12.9
Adam Johnson,LW,28,1,5,6,-6,18,0,1,0,0,0,1,0,0,0,0,0,0,0,0,0.21,0.64,42,2.4
Markus Phillips,D,38,1,4,5,7,18,0,0,0,0,0,1,0,0,0,0,0,0,0,0,0.13,0.47,38,2.6
Kale Clague,D,5,0,4,4,2,0,0,1,0,0,0,0,0,0,0,0,0,0,0,0,0.8,0,11,0
Johan Sodergran,LW,7,3,0,3,0,0,0,0,0,0,0,2,0,0,1,0,0,0,0,0,0.43,0,7,42.9
Nikita Pavlychev,F,13,2,1,3,4,10,0,0,1,0,1,0,1,0,0,0,0,0,0,0,0.23,0.77,20,10
Jacob Doty,RW,41,1,2,3,-9,89,0,0,0,0,0,0,0,0,0,0,0,0,0,0,0.07,2.17,19,5.3
Blake Siebenaler,D,4,1,1,2,1,2,0,0,0,0,0,0,0,0,0,0,0,0,0,0,0.5,0.5,1,100
Marcus McIvor,D,6,0,2,2,4,0,0,0,0,0,0,0,0,0,0,0,0,0,0,0,0.33,0,6,0
Kim Nousiainen,D,8,0,2,2,-2,4,0,0,0,0,0,0,0,0,0,0,0,0,0,0,0.25,0.5,8,0
Andre Lee,LW,11,0,2,2,-3,10,0,0,0,0,0,0,0,0,0,0,0,0,0,0,0.18,0.91,11,0
Samuel Helenius,C,12,1,0,1,-3,6,0,0,0,0,0,0,0,0,0,0,0,0,0,0,0.08,0.5,9,11.1
Bobby Russell,D,1,0,1,1,1,2,0,0,0,0,0,0,0,0,0,0,0,0,0,0,1,2,0,0
Keegan Iverson,C,2,0,1,1,0,2,0,0,0,0,0,0,0,0,0,0,0,0,0,0,0.5,1,2,0
Brett Kemp,F,2,0,1,1,0,2,0,0,0,0,0,0,0,0,0,0,0,0,0,0,0.5,1,1,0
Nick Pastujov,C,1,0,0,0,-1,0,0,0,0,0,0,0,0,0,0,0,0,0,0,0,0,0,0,0
Loren Ulett,F,1,0,0,0,0,5,0,0,0,0,0,0,0,0,0,0,0,0,0,0,0,5,1,0
Tyler Inamoto,D,2,0,0,0,-3,0,0,0,0,0,0,0,0,0,0,0,0,0,0,0,0,0,2,0
Alex Ierullo,F,3,0,0,0,1,2,0,0,0,0,0,0,0,0,0,0,0,0,0,0,0,0.67,2,0
Kevin Lohan,D,3,0,0,0,-1,0,0,0,0,0,0,0,0,0,0,0,0,0,0,0,0,0,3,0
Michael Prapavessis,D,3,0,0,0,0,0,0,0,0,0,0,0,0,0,0,0,0,0,0,0,0,0,1,0
Cameron Hughes,LW,59,14,31,45,-7,39,1,18,4,0,0,4,1,0,0,0,2,3,0,66.7,0.76,0.66,156,9
Steven Fogarty,RW,62,12,30,42,-1,34,6,11,0,1,4,1,1,1,0,0,0,3,0,0,0.68,0.55,127,9.4
Oskar Steen,C,49,15,20,35,0,26,3,8,0,0,5,3,2,2,1,2,0,4,0,0,0.71,0.53,110,13.6
Jack Studnicka,C,41,10,25,35,-11,36,2,12,0,0,0,3,1,0,1,1,3,4,1,75,0.85,0.88,118,8.5
Jesper Froden,RW,49,16,18,34,-4,26,8,5,0,1,4,4,3,1,0,1,2,7,0,28.6,0.69,0.53,128,12.5
Zach Senyshyn,RW,51,19,12,31,8,14,5,1,1,0,5,2,2,0,0,1,1,3,0,33.3,0.61,0.27,125,15.2
Justin Brazeau,RW,51,15,16,31,9,6,4,2,0,0,1,4,2,0,1,0,2,7,1,28.6,0.61,0.12,86,17.4
Joona Koppanen,LW,62,11,19,30,21,20,3,0,2,0,2,2,2,0,1,1,0,2,0,0,0.48,0.32,69,15.9
Samuel Asselin,C,68,8,22,30,-9,66,2,7,0,0,0,1,1,0,0,1,1,2,1,50,0.44,0.97,125,6.4
Chris Wagner,C,62,15,12,27,-5,39,5,2,0,2,1,1,2,0,0,1,0,2,0,0,0.44,0.63,175,8.6
Eduards Tralmaks,F,51,14,13,27,22,30,0,2,0,0,4,3,1,0,0,0,0,1,0,0,0.53,0.59,58,24.1
Jack Ahcan,D,46,6,17,23,-2,10,3,9,0,1,0,1,0,0,0,0,0,0,0,0,0.5,0.22,92,6.5
Aaron Ness,D,55,3,16,19,2,16,1,7,0,1,0,0,1,0,1,1,0,1,0,0,0.35,0.29,63,4.8
Victor Berglund,D,46,6,12,18,-5,30,5,4,0,0,2,0,1,0,0,0,0,0,0,0,0.39,0.65,73,8.2
Matt Filipe,LW,59,7,10,17,2,52,1,0,0,1,1,3,1,0,2,1,0,0,0,0,0.29,0.88,81,8.6
Jakub Lauko,LW,54,3,13,16,-28,56,1,6,0,0,0,1,0,0,0,0,0,1,0,0,0.3,1.04,113,2.7
Kodie Curran,D,48,1,15,16,-1,35,0,5,0,1,0,0,0,0,0,0,0,0,0,0,0.33,0.73,61,1.6
Brady Lyle,D,48,2,7,9,-7,10,0,0,0,0,0,0,1,0,0,0,0,1,0,0,0.19,0.21,63,3.2
Tyler Lewington,D,55,2,7,9,-3,66,0,0,0,0,1,2,0,0,0,0,0,0,0,0,0.16,1.2,75,2.7
Blake Hillman,D,30,0,9,9,7,8,0,0,0,0,0,0,0,0,0,0,0,0,0,0,0.3,0.27,36,0
Alex-Olivier Voyer,RW,41,3,5,8,-1,30,0,1,1,2,0,1,0,0,0,0,0,0,0,0,0.2,0.73,48,6.3
Urho Vaakanainen,D,23,1,7,8,6,20,0,1,0,2,0,0,0,0,0,0,0,0,0,0,0.35,0.87,32,3.1
Nick Wolff,D,32,0,8,8,7,83,0,0,0,2,0,0,0,0,0,0,0,0,0,0,0.25,2.59,47,0
John Moore,D,11,1,5,6,-6,8,1,3,0,0,0,0,0,0,0,0,0,0,0,0,0.55,0.73,28,3.6
Johnny Beecher,F,9,3,2,5,-7,0,1,0,0,0,1,0,0,1,0,0,0,0,0,0,0.56,0,20,15
Curtis Hall,C,52,2,3,5,-6,4,0,0,0,0,0,0,0,0,0,0,0,0,0,0,0.1,0.08,54,3.7
Georgi Merkulov,F,8,1,4,5,-1,8,0,3,0,0,0,0,0,0,0,0,1,1,1,100,0.63,1,13,7.7
Josiah Didier,D,40,1,2,3,6,55,0,0,0,0,0,0,0,0,0,0,0,0,0,0,0.08,1.38,43,2.3
Andrew Peski,D,9,1,1,2,-1,2,0,0,0,0,0,1,0,0,0,0,0,0,0,0,0.22,0.22,4,25
Michael Callahan,D,15,1,1,2,-4,2,0,0,0,0,1,1,0,0,0,0,0,0,0,0,0.13,0.13,16,6.3
J.D. Greenway,D,16,0,2,2,0,17,0,0,0,0,0,0,0,0,0,0,0,0,0,0,0.13,1.06,13,0
Steven Jandric,F,2,1,0,1,1,0,0,0,0,0,0,0,0,0,0,0,0,0,0,0,0.5,0,1,100
Keltie Jeri-Leon,RW,2,1,0,1,1,0,0,0,0,0,0,0,0,0,0,0,0,0,0,0,0.5,0,3,33.3
Max Newton,F,2,0,1,1,1,0,0,0,0,0,0,0,0,0,0,0,0,0,0,0,0.5,0,2,0
Ross Olsson,F,4,0,1,1,-1,10,0,0,0,0,0,0,0,0,0,0,0,0,0,0,0.25,2.5,2,0
Mathew Santos,RW,5,0,1,1,0,4,0,0,0,0,0,0,0,0,0,0,0,0,0,0,0.2,0.8,3,0
Liam Coughlin,F,6,0,1,1,0,2,0,0,0,0,0,0,0,0,0,0,0,0,0,0,0.17,0.33,3,0
Jack Dougherty,D,1,0,0,0,0,0,0,0,0,0,0,0,0,0,0,0,0,0,0,0,0,0,1,0
David Drake,D,1,0,0,0,0,0,0,0,0,0,0,0,0,0,0,0,0,0,0,0,0,0,0,0
Bryan Lemos,RW,1,0,0,0,-1,0,0,0,0,0,0,0,0,0,0,0,0,0,0,0,0,0,3,0
Zach Malatesta,D,1,0,0,0,0,0,0,0,0,0,0,0,0,0,0,0,0,0,0,0,0,0,0,0
Marc McLaughlin,C,1,0,0,0,-1,0,0,0,0,0,0,0,0,0,0,0,0,0,0,0,0,0,3,0
Patrick Polino,RW,1,0,0,0,0,2,0,0,0,0,0,0,0,0,0,0,0,0,0,0,0,2,0,0
Grant Gabriele,D,2,0,0,0,-2,0,0,0,0,0,0,0,0,0,0,0,0,0,0,0,0,0,3,0
Jacob Wilson,D,2,0,0,0,0,2,0,0,0,0,0,0,0,0,0,0,0,0,0,0,0,1,3,0
Brent Beaudoin,F,3,0,0,0,-2,0,0,0,0,0,0,0,0,0,0,0,0,0,0,0,0,0,7,0
Wyatt Ege,D,3,0,0,0,3,2,0,0,0,0,0,0,0,0,0,0,0,0,0,0,0,0.67,5,0
Matt Murphy,D,3,0,0,0,-1,0,0,0,0,0,0,0,0,0,0,0,0,0,0,0,0,0,5,0
Ian McKinnon,C,11,0,0,0,-2,55,0,0,0,0,0,0,0,0,0,0,0,0,0,0,0,5,10,0
JJ Peterka,RW,70,28,40,68,-3,28,3,14,0,2,3,5,3,1,2,2,3,5,1,60,0.97,0.4,223,12.6
Jack Quinn,RW,45,26,35,61,-6,23,10,13,1,1,6,7,0,0,0,0,2,4,1,50,1.36,0.51,143,18.2
Michael Mersch,LW,65,26,28,54,-3,39,8,10,0,0,1,7,2,0,1,1,0,0,0,0,0.83,0.6,147,17.7
Arttu Ruotsalainen,C,57,18,33,51,-9,26,3,11,1,0,3,1,3,1,2,0,3,5,1,60,0.89,0.46,160,11.3
Ethan Prow,D,70,10,39,49,-5,6,2,12,0,0,3,0,1,2,0,0,0,0,0,0,0.7,0.09,104,9.6
Brandon Biro,LW,48,12,29,41,4,20,7,7,1,0,0,2,0,0,0,0,0,1,0,0,0.85,0.42,58,20.7
Sean Malone,C,39,20,17,37,-3,22,8,8,0,0,4,3,1,0,1,1,0,0,0,0,0.95,0.56,74,27
Linus Weissbach,LW,67,16,21,37,7,32,1,8,0,0,2,2,1,0,1,0,0,1,0,0,0.55,0.48,83,19.3
Oskari Laaksonen,D,71,5,29,34,-9,44,4,23,0,0,1,1,0,1,0,0,0,0,0,0,0.48,0.62,67,7.5
Brett Murray,LW,52,15,17,32,-4,35,6,5,0,0,2,1,0,0,0,0,0,0,0,0,0.62,0.67,87,17.2
Ryan MacInnis,C,49,11,16,27,-4,33,2,2,0,0,1,2,2,0,0,3,0,0,0,0,0.55,0.67,88,12.5
Mark Jankowski,C,32,10,17,27,2,18,4,3,1,0,2,2,1,1,2,1,0,2,0,0,0.84,0.56,72,13.9
Josh Teves,D,72,6,15,21,-8,44,0,0,1,0,0,0,0,0,1,0,0,0,0,0,0.29,0.61,98,6.1
Peyton Krebs,LW,20,4,16,20,-11,16,3,7,0,0,2,0,0,1,0,0,1,1,1,100,1,0.8,29,13.8
Jimmy Schuldt,D,61,5,12,17,1,58,0,0,0,1,0,1,1,0,1,0,0,0,0,0,0.28,0.95,82,6.1
Mattias Samuelsson,D,22,2,13,15,-11,16,0,0,0,1,0,0,0,0,0,0,0,0,0,0,0.68,0.73,48,4.2
Mason Jobst,C,26,4,9,13,-3,16,2,2,0,0,0,1,1,0,0,0,0,0,0,0,0.5,0.62,24,16.7
Casey Fitzgerald,D,28,4,8,12,-1,43,0,0,0,0,1,0,0,0,0,0,0,0,0,0,0.43,1.54,45,8.9
Ryan Scarfo,C,63,4,8,12,-22,37,1,1,0,0,0,1,0,0,0,0,0,0,0,0,0.19,0.59,47,8.5
Mitch Eliot,D,51,3,7,10,-5,54,0,1,0,0,1,1,0,0,0,0,0,0,0,0,0.2,1.06,83,3.6
Mark Alt,D,60,3,6,9,-17,24,0,0,0,0,0,0,0,0,0,1,0,0,0,0,0.15,0.4,61,4.9
Brendan Warren,LW,51,4,2,6,-9,22,0,0,0,0,0,0,0,0,1,0,0,0,0,0,0.12,0.43,57,7
Matej Pekar,LW,47,3,3,6,-4,56,0,0,0,0,0,0,0,0,0,0,0,0,0,0,0.13,1.19,54,5.6
Brandon Davidson,D,23,1,5,6,-5,38,0,0,0,0,0,0,0,0,0,0,0,0,0,0,0.26,1.65,28,3.6
Ben Holmstrom,C,25,0,6,6,1,19,0,0,0,1,0,0,0,0,0,0,0,0,0,0,0.24,0.76,22,0
Nick Boka,D,24,3,1,4,-4,63,0,0,0,0,0,0,0,0,0,0,0,0,0,0,0.17,2.63,17,17.6
Peter Tischke,D,33,2,2,4,-3,35,0,0,0,0,0,0,0,0,0,0,0,0,0,0,0.12,1.06,36,5.6
Lukas Rousek,RW,19,1,3,4,-5,2,0,0,0,0,0,1,0,0,0,0,0,0,0,0,0.21,0.11,9,11.1
Dominic Franco,C,32,0,4,4,-6,19,0,0,0,0,0,0,0,0,0,0,0,0,0,0,0.13,0.59,33,0
Nick Pastujov,C,10,2,1,3,-3,6,1,0,0,0,1,1,0,0,0,0,0,0,0,0,0.3,0.6,14,14.3
Ara Nazarian,LW,14,2,1,3,-4,2,0,0,0,0,1,0,1,0,0,0,0,0,0,0,0.21,0.14,8,25
Lukas Craggs,LW,24,2,1,3,-5,36,0,0,0,0,0,0,0,0,0,0,0,0,0,0,0.13,1.5,19,10.5
Patrick Polino,RW,16,2,0,2,-5,4,0,0,0,0,0,0,0,0,0,0,0,0,0,0,0.13,0.25,9,22.2
Butrus Ghafari,D,3,0,1,1,3,0,0,0,0,0,0,0,0,0,0,0,0,0,0,0,0.33,0,2,0
David Drake,D,4,0,1,1,3,2,0,0,0,0,0,0,0,0,0,0,0,0,0,0,0.25,0.5,2,0
Jack Doremus,C,5,0,1,1,0,0,0,0,0,0,0,0,0,0,0,0,0,0,0,0,0.2,0,4,0
Wyatt Ege,D,6,0,1,1,1,4,0,0,0,0,0,0,0,0,0,0,0,0,0,0,0.17,0.67,8,0
Matthew Cairns,D,2,0,0,0,1,0,0,0,0,0,0,0,0,0,0,0,0,0,0,0,0,0,2,0
Keeghan Howdeshell,LW,2,0,0,0,0,0,0,0,0,0,0,0,0,0,0,0,0,0,0,0,0,0,0,0
Kohen Olischefski,RW,3,0,0,0,-1,0,0,0,0,0,0,0,0,0,0,0,0,0,0,0,0,0,2,0
Jacob Pritchard,LW,3,0,0,0,-3,2,0,0,0,0,0,0,0,0,0,0,0,0,0,0,0,0.67,1,0
Nate Knoepke,D,4,0,0,0,-1,0,0,0,0,0,0,0,0,0,0,0,0,0,0,0,0,0,1,0
Lukas Reichel,LW,56,21,36,57,-5,6,5,17,0,0,6,3,3,1,1,0,1,6,1,16.7,1.02,0.11,102,20.6
Dylan McLaughlin,C,55,13,29,42,4,4,3,11,0,0,2,3,0,1,1,1,1,2,1,50,0.76,0.07,150,8.7
Brett Connolly,RW,37,17,18,35,12,16,6,4,0,1,0,4,0,0,0,0,0,2,0,0,0.95,0.43,96,17.7
Ian Mitchell,D,57,11,24,35,-2,19,6,6,0,3,3,1,1,0,0,0,2,5,2,40,0.61,0.33,90,12.2
Mike Hardman,F,43,19,13,32,8,8,8,4,1,0,2,0,1,0,1,1,0,1,0,0,0.74,0.19,104,18.3
Josiah Slavin,LW,49,18,14,32,18,17,0,1,3,1,4,3,2,0,2,3,0,0,0,0,0.65,0.35,81,22.2
Michal Teply,RW,60,13,18,31,-3,6,4,4,0,0,1,2,2,0,0,0,4,6,2,66.7,0.52,0.1,103,12.6
Andrei Altybarmakyan,RW,65,10,21,31,-2,70,2,4,0,0,1,3,1,0,0,1,1,2,1,50,0.48,1.08,103,9.7
Evan Barratt,C,63,14,14,28,-5,70,3,4,0,0,0,1,3,0,2,1,0,0,0,0,0.44,1.11,88,15.9
Wyatt Kalynuk,D,52,7,20,27,-3,55,3,8,0,0,0,1,1,0,1,0,0,0,0,0,0.52,1.06,77,9.1
D.J. Busdeker,RW,62,6,20,26,2,50,0,2,2,0,2,1,0,0,0,1,0,1,0,0,0.42,0.81,95,6.3
Alec Regula,D,41,4,22,26,6,37,0,11,0,0,2,0,0,0,1,0,0,0,0,0,0.63,0.9,78,5.1
Isaak Phillips,D,64,10,15,25,0,46,0,0,1,0,1,2,0,0,1,1,0,0,0,0,0.39,0.72,94,10.6
Jakub Galvas,D,59,2,18,20,-1,14,0,3,0,1,0,1,0,0,0,0,0,0,0,0,0.34,0.24,62,3.2
Ryan Stanton,D,56,3,15,18,8,42,0,0,0,0,0,0,1,0,0,1,0,0,0,0,0.32,0.75,78,3.8
Nicolas Beaudin,D,66,2,14,16,-4,68,1,5,0,0,0,1,0,0,0,0,0,0,0,0,0.24,1.03,97,2.1
Garrett Mitchell,RW,67,6,9,15,-16,91,0,0,0,0,0,2,0,0,0,1,0,1,0,0,0.22,1.36,69,8.7
Cam Morrison,LW,43,5,9,14,1,6,0,0,0,0,1,0,0,0,0,0,0,0,0,0,0.33,0.14,50,10
Carson Gicewicz,C,61,5,9,14,-6,63,0,0,0,2,1,1,0,0,0,0,0,0,0,0,0.23,1.03,81,6.2
Alex Nylander,RW,23,8,4,12,-10,2,2,3,0,0,3,1,1,0,0,1,1,2,0,50,0.52,0.09,51,15.7
Jakub Pour,RW,44,6,2,8,-4,20,0,0,0,0,0,1,2,0,1,0,0,0,0,0,0.18,0.45,41,14.6
Kurtis Gabriel,F,52,4,2,6,-9,120,0,0,0,0,2,1,0,0,0,0,0,0,0,0,0.12,2.31,41,9.8
Dmitri Osipov,LW,45,3,2,5,-12,83,0,0,0,0,0,1,0,0,0,0,0,0,0,0,0.11,1.84,29,10.3
Brandon Pirri,LW,3,3,1,4,4,0,0,0,0,0,0,1,0,0,0,1,0,0,0,0,1.33,0,10,30
Chad Yetman,RW,18,1,3,4,-2,4,0,0,0,0,0,0,0,0,0,0,0,0,0,0,0.22,0.22,16,6.3
Cliff Watson,D,20,0,4,4,0,10,0,0,0,0,0,0,0,0,0,0,0,0,0,0,0.2,0.5,22,0
Philipp Kurashev,C,3,2,1,3,2,0,1,0,1,0,0,0,1,0,1,1,0,0,0,0,1,0,7,28.6
Kale Howarth,LW,12,2,1,3,-5,11,0,0,0,0,0,0,0,0,0,0,0,0,0,0,0.25,0.92,11,18.2
Reese Johnson,RW,7,1,2,3,0,0,0,0,0,0,0,0,0,0,0,0,0,0,0,0,0.43,0,13,7.7
MacKenzie Entwistle,RW,2,0,1,1,-1,6,0,0,0,0,0,0,0,0,0,0,0,0,0,0,0.5,3,4,0
Chad Krys,D,8,0,1,1,-2,2,0,0,0,0,0,0,0,0,0,0,0,0,0,0,0.13,0.25,2,0
Chris Wilkie,RW,1,0,0,0,-1,0,0,0,0,0,0,0,0,0,0,0,0,0,0,0,0,0,0,0
Michael Lee,D,3,0,0,0,-3,2,0,0,0,0,0,0,0,0,0,0,0,0,0,0,0,0.67,4,0
Jacob LeGuerrier,D,4,0,0,0,2,0,0,0,0,0,0,0,0,0,0,0,0,0,0,0,0,0,3,0
Riley McKay,LW,4,0,0,0,-3,9,0,0,0,0,0,0,0,0,0,0,0,0,0,0,0,2.25,1,0
Michael Krutil,D,7,0,0,0,0,0,0,0,0,0,0,0,0,0,0,0,0,0,0,0,0,0,1,0
Lucas Elvenes,C,63,11,32,43,-5,20,3,15,0,0,1,2,0,0,1,0,0,1,0,0,0.68,0.32,66,16.7
Alex Limoges,LW,62,23,17,40,-9,13,12,8,1,0,4,3,4,0,0,1,0,1,0,0,0.65,0.21,100,23
Nikolas Brouillard,D,66,13,26,39,-6,131,2,8,1,1,0,3,1,0,0,1,0,1,0,0,0.59,1.98,122,10.7
Hunter Drew,RW,64,17,21,38,2,134,4,3,1,0,1,3,3,0,1,0,0,1,0,0,0.59,2.09,109,15.6
Jacob Perreault,RW,55,14,23,37,-6,62,6,7,0,0,3,3,0,0,1,1,2,4,1,50,0.67,1.13,130,10.8
Danny O'Regan,C,53,13,21,34,-20,20,8,10,1,0,1,4,1,0,0,1,0,3,0,0,0.64,0.38,84,15.5
Brayden Tracey,RW,55,11,20,31,-1,40,2,3,0,0,2,1,0,0,0,0,0,1,0,0,0.56,0.73,70,15.7
Trevor Carrick,D,61,10,20,30,-1,45,3,8,0,1,2,2,2,0,2,0,0,0,0,0,0.49,0.74,113,8.9
Bryce Kindopp,RW,67,12,17,29,-8,35,4,4,1,1,2,0,0,0,1,0,0,0,0,0,0.43,0.52,84,14.3
Brogan Rafferty,D,65,4,20,24,-1,36,2,10,0,0,0,1,1,0,0,0,0,0,0,0,0.37,0.55,86,4.7
Brent Gates,F,45,12,11,23,2,19,2,3,0,0,2,3,0,0,0,0,0,0,0,0,0.51,0.42,71,16.9
Benoit-Olivier Groulx,C,40,11,11,22,-6,39,2,2,0,0,1,3,3,0,3,1,0,1,0,0,0.55,0.98,78,14.1
Greg Printz,LW,66,11,11,22,-9,69,0,0,0,1,3,0,3,0,1,3,0,0,0,0,0.33,1.05,70,15.7
Vinni Lettieri,C,24,8,14,22,-2,8,2,8,1,1,0,2,1,0,0,0,0,0,0,0,0.92,0.33,79,10.1
Kodie Curran,D,37,1,15,16,-2,29,0,5,0,1,0,0,0,0,0,0,0,0,0,0,0.43,0.78,41,2.4
Jacob Larsson,D,55,2,13,15,0,41,0,1,0,0,1,1,0,0,0,0,0,0,0,0,0.27,0.75,79,2.5
Greg Pateryn,D,35,2,10,12,-11,20,1,6,0,0,1,0,0,0,1,0,0,0,0,0,0.34,0.57,39,5.1
Axel Andersson,D,35,4,6,10,2,15,0,0,0,0,0,1,0,0,0,0,0,0,0,0,0.29,0.43,38,10.5
Buddy Robinson,RW,28,4,5,9,-15,23,0,1,1,0,1,0,1,0,0,1,0,0,0,0,0.32,0.82,47,8.5
Brendan Guhle,D,37,3,4,7,-6,28,0,0,0,0,1,1,0,0,0,0,0,0,0,0,0.19,0.76,57,5.3
Jack Badini,C,46,2,5,7,-6,21,0,0,0,0,1,0,0,0,0,0,0,0,0,0,0.15,0.46,36,5.6
John Moore,D,11,1,5,6,-6,8,1,3,0,0,0,0,0,0,0,0,0,0,0,0,0.55,0.73,28,3.6
Josh Lopina,C,13,1,3,4,-1,6,0,1,0,0,0,0,0,0,0,0,0,0,0,0,0.31,0.46,15,6.7
Maxim Golod,LW,18,1,3,4,-1,6,0,2,0,0,0,0,0,0,0,0,0,0,0,0,0.22,0.33,14,7.1
Vincent Marleau,RW,37,1,3,4,-7,13,0,0,0,0,0,0,1,0,0,0,0,0,0,0,0.11,0.35,26,3.8
Nathan Larose,D,22,1,2,3,1,6,0,0,0,0,0,0,0,0,0,0,0,0,0,0,0.14,0.27,20,5
Mason McTavish,C,3,1,1,2,1,4,1,0,0,0,0,0,0,0,0,0,0,1,0,0,0.67,1.33,7,14.3
Sean Josling,RW,15,1,1,2,-2,12,0,0,0,0,0,0,0,0,0,0,0,0,0,0,0.13,0.8,9,11.1
Morgan Adams-Moisan,RW,28,1,1,2,-7,73,0,0,0,0,0,1,0,0,0,0,0,0,0,0,0.07,2.61,12,8.3
Drew Helleson,D,17,0,2,2,-14,4,0,0,0,0,0,0,0,0,0,0,0,0,0,0,0.12,0.24,12,0
Sam Carrick,C,2,1,0,1,0,14,0,0,0,0,0,0,0,0,0,0,0,0,0,0,0.5,7,1,100
Blake McLaughlin,LW,7,1,0,1,-1,0,0,0,0,0,0,0,0,0,0,0,0,0,0,0,0.14,0,13,7.7
Sonny Milano,LW,1,0,1,1,-1,0,0,0,0,0,0,0,0,0,0,0,0,0,0,0,1,0,3,0
Alexander Volkov,RW,2,0,1,1,-2,2,0,1,0,0,0,0,0,0,0,0,0,0,0,0,0.5,1,3,0
Mike McKee,D,9,0,1,1,-4,9,0,0,0,0,0,0,0,0,0,0,0,0,0,0,0.11,1,6,0
Simon Benoit,D,1,0,0,0,0,0,0,0,0,0,0,0,0,0,0,0,0,0,0,0,0,0,0,0
Logan Nijhoff,C,3,0,0,0,-2,2,0,0,0,0,0,0,0,0,0,0,0,0,0,0,0,0.67,0,0
Joachim Blichfeld,RW,61,24,21,45,-47,18,12,10,0,0,2,4,4,0,2,0,3,4,1,75,0.74,0.3,196,12.2
Jayden Halbgewachs,LW,59,17,24,41,-38,10,6,12,0,0,0,2,1,0,0,0,0,0,0,0,0.69,0.17,130,13.1
Alexander Chmelevski,C,47,12,25,37,-3,23,5,8,0,0,3,2,1,1,0,1,2,4,1,50,0.79,0.49,120,10
Nick Merkley,RW,43,11,25,36,-11,28,2,13,0,1,3,2,1,0,0,0,0,1,0,0,0.84,0.65,92,12
John Leonard,LW,45,17,15,32,-28,6,7,8,2,0,1,3,0,0,5,0,1,2,0,50,0.71,0.13,148,11.5
Artemi Knyazev,D,60,7,21,28,-47,55,3,14,0,1,0,0,1,0,1,1,0,0,0,0,0.47,0.92,126,5.6
Scott Reedy,RW,38,18,9,27,-26,4,10,4,1,0,1,1,2,0,0,0,0,2,0,0,0.71,0.11,64,28.1
Nick Cicek,D,53,5,20,25,-10,62,1,8,0,0,1,1,0,0,0,0,0,0,0,0,0.47,1.17,72,6.9
Evan Weinger,RW,60,12,12,24,-19,18,0,1,2,0,2,2,3,0,1,2,0,0,0,0,0.4,0.3,88,13.6
Jake McGrew,RW,57,12,11,23,-9,36,1,3,0,0,0,4,0,0,2,0,0,1,0,0,0.4,0.63,94,12.8
Kyle Topping,C,48,4,15,19,-13,48,2,3,0,0,0,0,0,0,0,0,0,0,0,0,0.4,1,51,7.8
Ryan Merkley,D,30,1,18,19,-9,30,0,10,0,1,0,0,0,0,0,0,0,0,0,0,0.63,1,44,2.3
Lane Pederson,C,22,9,9,18,-12,8,4,3,1,1,0,2,1,0,0,0,0,2,0,0,0.82,0.36,59,15.3
Anthony Bitetto,D,53,6,11,17,-18,54,2,4,0,1,1,1,1,0,0,1,0,0,0,0,0.32,1.02,68,8.8
Jasper Weatherby,C,25,5,10,15,-15,24,4,3,0,0,0,1,0,0,0,0,0,0,0,0,0.6,0.96,45,11.1
Mason Jobst,C,37,5,10,15,-12,26,2,2,0,0,0,2,1,0,0,0,0,0,0,0,0.41,0.7,38,13.2
Adam Raska,RW,49,5,9,14,-6,57,1,0,1,2,0,0,0,0,0,0,0,0,0,0,0.29,1.16,65,7.7
Antoine Morand,C,58,5,9,14,-4,25,1,3,1,1,0,0,1,0,1,0,0,0,0,0,0.24,0.43,63,7.9
Zach Gallant,C,53,3,10,13,-16,65,0,1,0,0,0,1,0,0,0,0,0,0,0,0,0.25,1.23,51,5.9
Noah Gregor,C,8,4,8,12,2,7,1,4,0,0,1,2,0,0,0,0,0,1,0,0,1.5,0.88,30,13.3
Patrick Holway,D,43,4,8,12,-9,62,0,2,0,0,0,0,0,0,0,0,0,0,0,0,0.28,1.44,46,8.7
Santeri Hatakka,D,41,3,9,12,-4,22,0,0,1,0,0,0,0,0,0,0,0,0,0,0,0.29,0.54,44,6.8
Jaycob Megna,D,22,2,8,10,0,10,0,0,1,0,0,0,0,0,1,1,0,0,0,0,0.45,0.45,26,7.7
Cole Moberg,D,31,2,8,10,-7,12,0,2,1,0,0,1,0,0,0,0,0,0,0,0,0.32,0.39,46,4.3
Dillon Hamaliuk,LW,44,3,6,9,-10,37,0,0,0,0,0,0,0,0,0,0,0,0,0,0,0.2,0.84,33,9.1
Mark Alt,D,46,3,5,8,-18,20,0,0,0,0,0,0,0,0,0,1,0,0,0,0,0.17,0.43,48,6.3
Evander Kane,LW,5,2,6,8,3,2,0,2,0,3,1,0,0,0,1,0,0,0,0,0,1.6,0.4,21,9.5
Montana Onyebuchi,D,46,1,6,7,-11,137,0,0,0,0,0,0,0,0,0,0,0,0,0,0,0.15,2.98,44,2.3
Jeffrey Viel,LW,13,4,2,6,-1,20,1,1,0,0,0,1,0,0,0,1,0,0,0,0,0.46,1.54,21,19
Joel Kellman,C,10,1,3,4,-4,8,1,1,0,1,1,0,0,0,0,0,0,0,0,0,0.4,0.8,12,8.3
Krystof Hrabik,LW,21,1,3,4,-8,18,1,1,0,0,1,0,0,0,0,0,0,0,0,0,0.19,0.86,20,5
Thomas Bordeleau,C,2,0,3,3,-1,0,0,1,0,0,0,0,0,0,0,0,0,0,0,0,1.5,0,6,0
Timur Ibragimov,LW,23,1,1,2,-4,4,0,0,0,0,1,0,0,0,0,0,0,0,0,0,0.09,0.17,12,8.3
Brinson Pasichnuk,D,9,1,0,1,-2,4,0,0,0,0,0,1,0,0,0,0,0,0,0,0,0.11,0.44,4,25
Nicolas Meloche,D,10,1,0,1,-9,14,0,0,0,0,0,0,0,0,0,0,0,0,0,0,0.1,1.4,14,7.1
Steenn Pasichnuk,RW,24,1,0,1,-3,17,0,0,0,0,0,0,0,0,0,0,0,0,0,0,0.04,0.71,20,5
Dylan Gambrell,C,3,0,1,1,0,4,0,0,0,0,0,0,0,0,0,0,0,0,0,0,0.33,1.33,3,0
Gannon Laroque,D,3,0,1,1,-1,0,0,0,0,0,0,0,0,0,0,0,0,0,0,0,0.33,0,4,0
David Drake,D,5,0,1,1,3,2,0,0,0,0,0,0,0,0,0,0,0,0,0,0,0.2,0.4,2,0
Tyler Bird,RW,7,0,1,1,-3,2,0,0,0,0,0,0,0,0,0,0,0,0,0,0,0.14,0.29,12,0
Christian Evers,D,1,0,0,0,-1,0,0,0,0,0,0,0,0,0,0,0,0,0,0,0,0,0,0,0
Connor McDonald,D,2,0,0,0,-3,0,0,0,0,0,0,0,0,0,0,0,0,0,0,0,0,0,2,0
Patrick McNally,D,2,0,0,0,1,0,0,0,0,0,0,0,0,0,0,0,0,0,0,0,0,0,1,0
Adam Parsells,D,2,0,0,0,-2,0,0,0,0,0,0,0,0,0,0,0,0,0,0,0,0,0,0,0
Daniil Gushchin,LW,3,0,0,0,-4,2,0,0,0,0,0,0,0,0,0,0,0,0,0,0,0,0.67,8,0
Keoni Texeira,D,4,0,0,0,-1,7,0,0,0,0,0,0,0,0,0,0,0,0,0,0,0,1.75,5,0
Joseph Garreffa,LW,11,0,0,0,-2,0,0,0,0,0,0,0,0,0,0,0,0,0,0,0,0,0,4,0
Sam Anas,RW,75,20,44,64,-8,12,5,20,0,0,3,4,1,1,2,0,3,7,1,42.9,0.85,0.16,230,8.7
Matthew Peca,C,68,23,37,60,3,16,6,17,2,1,4,3,4,1,1,1,0,1,0,0,0.88,0.24,139,16.5
Nathan Walker,LW,47,19,25,44,7,24,10,7,1,1,3,2,3,0,1,3,0,0,0,0,0.94,0.51,134,14.2
Hugh McGing,LW,67,14,20,34,-11,36,4,10,0,1,2,5,1,1,0,0,2,5,2,40,0.51,0.54,113,12.4
William Bitten,RW,68,13,19,32,-11,17,2,5,0,0,2,3,1,0,0,1,1,3,1,33.3,0.47,0.25,165,7.9
Nikita Alexandrov,C,67,12,18,30,4,26,3,6,0,0,3,2,1,0,1,0,0,0,0,0,0.45,0.39,112,10.7
Tommy Cross,D,67,8,21,29,-12,80,1,9,1,1,4,1,0,3,0,0,0,0,0,0,0.43,1.19,130,6.2
Calle Rosen,D,40,4,24,28,-1,14,0,14,1,0,0,1,0,0,0,0,0,0,0,0,0.7,0.35,113,3.5
James Neal,LW,28,14,12,26,-1,10,7,4,0,0,4,0,1,1,1,0,1,3,0,33.3,0.93,0.36,90,15.6
MacKenzie MacEachern,LW,47,12,13,25,3,51,1,0,2,1,0,1,2,0,2,2,0,0,0,0,0.53,1.09,78,15.4
Keean Washkurak,C,64,13,10,23,-1,50,5,0,0,0,2,2,3,0,1,0,0,0,0,0,0.36,0.78,85,15.3
Nathan Todd,C,49,10,13,23,5,21,5,3,0,0,1,2,1,0,0,0,0,3,0,0,0.47,0.43,120,8.3
Scott Perunovich,D,17,3,19,22,-3,8,1,11,0,0,1,0,0,0,0,0,0,0,0,0,1.29,0.47,27,11.1
Alexei Toropchenko,LW,42,10,10,20,-2,24,0,0,0,1,2,2,2,0,0,1,0,0,0,0,0.48,0.57,98,10.2
Dakota Joshua,C,35,9,11,20,-3,23,4,1,0,0,2,3,1,0,1,0,0,0,0,0,0.57,0.66,74,12.2
Tyler Tucker,D,72,3,15,18,9,114,0,0,0,0,1,1,0,0,0,0,0,0,0,0,0.25,1.58,133,2.3
Steven Santini,D,66,2,16,18,16,24,1,2,1,0,0,0,0,0,1,1,0,0,0,0,0.27,0.36,121,1.7
Logan Brown,C,19,6,11,17,4,10,2,5,0,0,2,0,0,0,0,0,0,0,0,0,0.89,0.53,46,13
Brady Lyle,D,63,5,11,16,-4,18,0,2,0,0,0,1,2,0,0,0,0,1,0,0,0.25,0.29,88,5.7
Josh Wesley,D,65,5,7,12,11,58,0,0,0,0,0,1,0,0,0,0,0,0,0,0,0.18,0.89,100,5
Nolan Stevens,LW,20,3,9,12,3,10,2,2,0,0,0,0,0,0,0,0,0,0,0,0,0.6,0.5,27,11.1
Luke Witkowski,D,60,5,6,11,8,85,0,0,0,0,2,1,0,0,0,0,0,0,0,0,0.18,1.42,47,10.6
Tanner Kaspick,C,45,6,4,10,2,40,0,0,0,0,0,3,1,0,0,0,0,0,0,0,0.22,0.89,47,12.8
Mathias Laferriere,RW,56,3,6,9,0,6,1,0,0,0,2,1,0,0,0,0,0,1,0,0,0.16,0.11,55,5.5
Drew Callin,RW,44,4,4,8,-1,12,0,1,0,0,0,1,1,0,0,0,0,0,0,0,0.18,0.27,54,7.4
Michael Kim,D,26,0,7,7,-13,6,0,4,0,0,0,0,0,0,0,0,0,0,0,0,0.27,0.23,23,0
Klim Kostin,RW,17,3,3,6,3,15,1,0,0,0,1,2,1,1,0,0,0,0,0,0,0.35,0.88,43,7
Mitchell Balmas,C,10,4,1,5,4,2,0,0,0,0,0,0,0,0,2,1,0,0,0,0,0.5,0.2,10,40
Griffin Luce,D,45,0,4,4,9,48,0,0,0,0,0,0,0,0,0,0,0,0,0,0,0.09,1.07,37,0
Nick Albano,D,13,0,3,3,3,6,0,0,0,0,0,0,0,0,0,0,0,0,0,0,0.23,0.46,8,0
Matt Kessel,D,15,0,3,3,9,8,0,0,0,0,0,0,0,0,0,0,0,0,0,0,0.2,0.53,17,0
Peter Crinella,LW,9,2,0,2,-5,2,0,0,0,0,0,1,0,0,0,0,0,0,0,0,0.22,0.22,12,16.7
Shawn Cameron,RW,2,0,2,2,2,2,0,0,0,0,0,0,0,0,0,0,0,0,0,0,1,1,1,0
Patrick Shea,C,4,0,2,2,2,0,0,0,0,0,0,0,0,0,0,0,0,0,0,0,0.5,0,2,0
Jordan Smotherman,LW,1,1,0,1,1,0,0,0,0,0,0,0,0,0,0,0,0,0,0,0,1,0,2,50
Nate Kallen,D,3,1,0,1,0,0,0,0,0,0,0,0,0,0,0,0,0,0,0,0,0.33,0,1,100
Liam Coughlin,F,2,0,1,1,0,0,0,0,0,0,0,0,0,0,0,0,0,0,0,0,0.5,0,1,0
Mathew Santos,RW,2,0,1,1,-1,4,0,0,0,0,0,0,0,0,0,0,0,0,0,0,0.5,2,1,0
Jacob Hayhurst,C,4,0,1,1,0,0,0,0,0,0,0,0,0,0,0,0,0,0,0,0,0.25,0,2,0
Patrick Bajkov,RW,1,0,0,0,-2,0,0,0,0,0,0,0,0,0,0,0,0,0,0,0,0,0,0,0
Gabriel Belley-Pelletier,D,1,0,0,0,0,2,0,0,0,0,0,0,0,0,0,0,0,0,0,0,0,2,0,0
Dominic Cormier,D,1,0,0,0,-2,0,0,0,0,0,0,0,0,0,0,0,0,0,0,0,0,0,2,0
Nic Pierog,RW,1,0,0,0,0,2,0,0,0,0,0,0,0,0,0,0,0,0,0,0,0,2,2,0
Jacob Pritchard,LW,1,0,0,0,-1,0,0,0,0,0,0,0,0,0,0,0,0,0,0,0,0,0,0,0
Charles Spetz,D,1,0,0,0,-1,0,0,0,0,0,0,0,0,0,0,0,0,0,0,0,0,0,1,0
Jordan Henry,D,2,0,0,0,-1,0,0,0,0,0,0,0,0,0,0,0,0,0,0,0,0,0,2,0
Nick Master,F,2,0,0,0,-2,0,0,0,0,0,0,0,0,0,0,0,0,0,0,0,0,0,0,0
Ryan Smith,RW,2,0,0,0,-2,0,0,0,0,0,0,0,0,0,0,0,0,0,0,0,0,0,1,0
Patrick McNally,D,3,0,0,0,0,0,0,0,0,0,0,0,0,0,0,0,0,0,0,0,0,0,2,0
Robbie Payne,C,3,0,0,0,-3,0,0,0,0,0,0,0,0,0,0,0,0,0,0,0,0,0,0,0
Nolan Vesey,LW,3,0,0,0,-1,17,0,0,0,0,0,0,0,0,0,0,0,0,0,0,0,5.67,2,0
Austin Osmanski,D,4,0,0,0,0,0,0,0,0,0,0,0,0,0,0,0,0,0,0,0,0,0,2,0
Blake Christensen,LW,11,0,0,0,-7,9,0,0,0,0,0,0,0,0,0,0,0,0,0,0,0,0.82,12,0
Matthew Phillips,RW,65,31,37,68,14,16,8,16,2,0,6,3,1,0,3,2,2,6,0,33.3,1.05,0.25,183,16.9
Jakob Pelletier,LW,66,27,35,62,22,22,9,10,2,2,8,7,2,2,1,2,0,0,0,0,0.94,0.33,196,13.8
Glenn Gawdin,C,62,15,35,50,15,75,4,12,1,3,2,2,2,0,1,2,2,5,0,40,0.81,1.21,138,10.9
Justin Kirkland,LW,66,25,23,48,-3,75,9,9,2,0,2,5,3,0,2,4,7,8,3,87.5,0.73,1.14,219,11.4
Luke Philp,RW,66,21,23,44,24,16,4,2,2,2,6,3,2,0,0,2,0,1,0,0,0.67,0.24,120,17.5
Byron Froese,C,55,20,17,37,-4,46,8,7,2,1,2,5,4,1,1,2,0,0,0,0,0.67,0.84,152,13.2
Connor Mackey,D,53,5,31,36,15,83,1,12,2,2,1,1,1,1,0,0,0,0,0,0,0.68,1.57,104,4.8
Mathias Emilio Pettersen,LW,59,13,13,26,5,20,0,1,0,0,0,2,1,0,3,0,0,0,0,0,0.44,0.34,88,14.8
Eetu Tuulola,RW,61,14,11,25,5,50,3,0,2,2,3,1,2,0,1,0,0,0,0,0,0.41,0.82,80,17.5
Connor Zary,C,53,13,12,25,-4,36,4,3,0,0,2,1,3,0,0,0,2,3,0,66.7,0.47,0.68,85,15.3
Martin Pospisil,LW,47,7,18,25,9,95,1,8,0,0,0,1,1,0,0,0,1,2,1,50,0.53,2.02,83,8.4
Nick DeSimone,D,68,4,21,25,10,28,1,4,0,0,1,0,1,0,0,1,0,0,0,0,0.37,0.41,150,2.7
Walker Duehr,RW,59,11,12,23,-4,28,0,0,0,2,0,2,1,0,1,1,0,0,0,0,0.39,0.47,103,10.7
Adam Ruzicka,C,16,11,9,20,12,2,2,4,0,0,2,2,2,0,0,1,0,1,0,0,1.25,0.13,50,22
Andy Welinski,D,39,3,16,19,12,18,1,11,0,0,1,1,0,1,1,0,0,0,0,0,0.49,0.46,76,3.9
Juuso Valimaki,D,35,2,16,18,1,26,0,5,0,1,1,1,0,1,0,0,1,2,1,50,0.51,0.74,81,2.5
Kevin Gravel,D,59,3,11,14,12,11,0,0,0,1,0,1,1,0,0,1,0,0,0,0,0.24,0.19,97,3.1
Colton Poolman,D,62,0,13,13,17,16,0,0,0,1,0,0,0,0,0,0,0,0,0,0,0.21,0.26,48,0
Mark Simpson,C,31,3,5,8,6,15,0,0,0,0,0,0,0,0,0,0,0,0,0,0,0.26,0.48,25,12
Ilya Solovyov,D,51,3,5,8,5,24,0,0,0,0,1,0,0,0,1,0,0,0,0,0,0.16,0.47,63,4.8
Johannes Kinnvall,D,19,0,8,8,-2,8,0,4,0,0,0,0,0,0,0,0,1,1,1,100,0.42,0.42,23,0
Greg Moro,D,13,1,6,7,2,10,0,1,0,0,1,0,0,0,0,0,0,0,0,0,0.54,0.77,18,5.6
Alex Gallant,LW,53,3,3,6,0,115,0,0,0,0,0,1,0,0,1,0,0,0,0,0,0.11,2.17,46,6.5
Nick Pastujov,C,14,2,1,3,-3,6,1,0,0,0,1,1,0,0,0,0,0,0,0,0,0.21,0.43,16,12.5
Ryan Olsen,C,17,1,0,1,-3,8,0,0,0,0,0,1,0,0,0,0,0,0,0,0,0.06,0.47,10,10
Dmitri Zavgorodny ,RW,12,0,1,1,1,4,0,0,0,0,0,0,0,0,0,0,0,0,0,0,0.08,0.33,7,0
Tyrell Goulbourne,LW,18,0,1,1,-2,14,0,0,0,0,0,0,0,0,0,0,0,0,0,0,0.06,0.78,13,0
Jay Dickman,LW,1,0,0,0,0,2,0,0,0,0,0,0,0,0,0,0,0,0,0,0,0,2,0,0
Mason Mitchell,LW,1,0,0,0,1,0,0,0,0,0,0,0,0,0,0,0,0,0,0,0,0,0,1,0
Koletrane Wilson,D,1,0,0,0,0,2,0,0,0,0,0,0,0,0,0,0,0,0,0,0,0,2,1,0
Reid Perepeluk,RW,2,0,0,0,0,2,0,0,0,0,0,0,0,0,0,0,0,0,0,0,0,1,1,0
Ryan Francis,C,4,0,0,0,0,0,0,0,0,0,0,0,0,0,0,0,0,0,0,0,0,0,2,0
Nolan Valleau,D,4,0,0,0,0,0,0,0,0,0,0,0,0,0,0,0,0,0,0,0,0,0,3,0
Yan Kuznetsov,D,12,0,0,0,-4,13,0,0,0,0,0,0,0,0,0,0,0,0,0,0,0,1.08,8,0
Alex Barre-Boulet,C,58,16,47,63,10,32,3,19,0,1,3,3,1,1,2,2,0,0,0,0,1.09,0.55,199,8
Gabriel Dumont,C,75,30,32,62,-5,100,9,7,0,1,6,6,5,0,3,6,0,0,0,0,0.83,1.33,174,17.2
Charles Hudon,LW,66,30,27,57,-10,56,13,10,1,0,6,3,2,2,2,1,0,2,0,0,0.86,0.85,187,16
Sean Day,D,69,8,32,40,8,31,1,12,1,0,2,0,1,0,0,0,0,0,0,0,0.58,0.45,118,6.8
Cole Koepke,LW,69,20,19,39,7,55,3,4,0,1,2,3,6,1,1,2,0,0,0,0,0.57,0.8,199,10.1
Anthony Richard,LW,71,17,21,38,-4,24,2,3,3,0,4,2,1,2,1,3,0,0,0,0,0.54,0.34,178,9.6
Gabriel Fortier,C,72,14,21,35,7,33,1,1,0,2,3,2,1,0,0,0,0,0,0,0,0.49,0.46,102,13.7
Simon Ryfors,C,72,11,24,35,10,31,2,7,0,0,1,0,0,0,1,0,0,0,0,0,0.49,0.43,125,8.8
Gage Goncalves,C,70,17,15,32,-2,39,2,3,0,0,3,7,0,0,0,1,2,3,1,66.7,0.46,0.56,95,17.9
Remi Elie,LW,48,17,12,29,1,23,2,4,0,0,0,4,3,0,0,1,0,1,0,0,0.6,0.48,123,13.8
Alex Green,D,73,5,21,26,6,31,0,4,0,1,0,1,0,0,1,1,0,0,0,0,0.36,0.42,96,5.2
Darren Raddysh,D,61,7,18,25,4,40,0,4,0,1,4,2,0,2,3,1,0,0,0,0,0.41,0.66,168,4.2
Otto Somppi,C,50,5,18,23,5,14,2,2,0,0,1,1,0,0,0,0,0,1,0,0,0.46,0.28,62,8.1
Riley Nash,C,17,10,8,18,10,4,3,1,0,0,1,1,3,1,0,1,0,0,0,0,1.06,0.24,53,18.9
P.C. Labrie,LW,56,6,10,16,-1,54,0,0,0,0,1,2,1,0,0,0,0,0,0,0,0.29,0.96,50,12
Ryan Jones,D,76,4,11,15,11,61,0,0,0,0,1,0,1,0,1,1,0,1,0,0,0.2,0.8,95,4.2
Fredrik Claesson,D,47,0,14,14,19,20,0,0,0,0,0,0,0,0,0,0,0,0,0,0,0.3,0.43,75,0
Daniel Walcott,LW,63,6,7,13,4,79,0,0,1,0,1,0,1,0,0,1,0,0,0,0,0.21,1.25,68,8.8
Jimmy Huntington,C,27,6,6,12,-4,21,3,1,0,0,1,0,0,1,0,0,0,0,0,0,0.44,0.78,37,16.2
Andrej Sustr,D,25,2,10,12,9,32,1,0,0,0,0,1,0,0,0,0,0,0,0,0,0.48,1.28,33,6.1
Antoine Morand,C,44,4,6,10,3,21,1,1,1,0,0,0,1,0,1,0,0,0,0,0,0.23,0.48,49,8.2
Gemel Smith,C,16,5,4,9,2,10,0,2,0,0,2,2,0,0,1,0,0,0,0,0,0.56,0.63,39,12.8
Nick Perbix,D,12,2,6,8,0,2,0,4,0,0,0,0,1,0,1,0,0,0,0,0,0.67,0.17,25,8
Frank Hora,D,44,0,7,7,7,42,0,0,0,0,0,0,0,0,0,0,0,0,0,0,0.16,0.95,37,0
Maxim Cajkovic,RW,20,3,3,6,-5,4,0,1,0,0,0,0,0,0,0,0,0,0,0,0,0.3,0.2,26,11.5
Shawn Element,C,32,2,3,5,-7,40,0,1,0,0,0,1,0,0,0,0,0,0,0,0,0.16,1.25,43,4.7
Tristin Langan,C,8,1,2,3,-1,0,1,0,0,0,1,1,0,0,0,0,0,0,0,0,0.38,0,9,11.1
Declan Carlile,D,10,1,2,3,2,2,0,0,0,0,0,0,0,0,0,0,0,0,0,0,0.3,0.2,6,16.7
Jesse Lees,D,17,0,3,3,-8,2,0,1,0,0,0,0,0,0,0,0,0,0,0,0,0.18,0.12,8,0
Tye Felhaber,LW,17,2,0,2,-4,2,0,0,0,0,1,0,0,0,0,0,0,0,0,0,0.12,0.12,25,8
Patrick Watling,C,2,0,2,2,-1,0,0,1,0,0,0,0,0,0,0,0,0,0,0,0,1,0,1,0
Jaydon Dureau,LW,3,1,0,1,-1,0,0,0,0,0,0,1,0,0,0,0,0,0,0,0,0.33,0,1,100
Boris Katchouk,LW,3,0,1,1,1,0,0,0,0,0,0,0,0,0,0,0,0,0,0,0,0.33,0,7,0
Tyler Bird,RW,4,0,1,1,-1,0,0,0,0,0,0,0,0,0,0,0,0,0,0,0,0.25,0,7,0
Evan Wardley,D,4,0,1,1,0,6,0,0,0,0,0,0,0,0,0,0,0,0,0,0,0.25,1.5,6,0
Alexei Lipanov,C,1,0,0,0,0,0,0,0,0,0,0,0,0,0,0,0,0,0,0,0,0,0,0,0
Kevin Lohan,D,1,0,0,0,0,0,0,0,0,0,0,0,0,0,0,0,0,0,0,0,0,0,0,0
Brandon Crawley,D,2,0,0,0,1,0,0,0,0,0,0,0,0,0,0,0,0,0,0,0,0,0,3,0
Owen Headrick,D,3,0,0,0,-1,0,0,0,0,0,0,0,0,0,0,0,0,0,0,0,0,0,0,0
Odeen Tufto,C,4,0,0,0,-2,0,0,0,0,0,0,0,0,0,0,0,0,0,0,0,0,0,2,0
Cal Foote,D,5,0,0,0,-5,0,0,0,0,0,0,0,0,0,0,0,0,0,0,0,0,0,12,0
Jason Garrison,D,9,0,0,0,0,2,0,0,0,0,0,0,0,0,0,0,0,0,0,0,0,0.22,16,0
Dmitri Semykin ,D,11,0,0,0,1,0,0,0,0,0,0,0,0,0,0,0,0,0,0,0,0,0,8,0
Anthony Louis,LW,66,24,31,55,-3,22,11,15,0,0,3,1,2,0,1,0,4,7,2,57.1,0.83,0.33,162,14.8
Ty Dellandrea,C,68,23,27,50,-9,43,8,11,2,0,6,4,1,1,1,1,1,6,0,16.7,0.74,0.63,143,16.1
Curtis McKenzie,LW,72,21,29,50,-6,82,9,7,0,0,1,4,2,0,1,3,0,1,0,0,0.69,1.14,139,15.1
Joel L'Esperance,C,62,24,25,49,4,30,10,10,0,0,2,7,3,0,0,0,0,2,0,0,0.79,0.48,197,12.2
Ben Gleason,D,70,9,35,44,-4,57,2,19,0,0,1,3,0,1,2,0,0,2,0,0,0.63,0.81,134,6.7
Riley Damiani,C,55,13,23,36,-7,42,6,9,0,0,2,2,1,0,0,0,0,4,0,0,0.65,0.76,140,9.3
Ryan Shea,D,66,3,29,32,-4,23,1,8,0,0,0,0,1,0,1,1,0,0,0,0,0.48,0.35,82,3.7
Fredrik Karlstrom,C,65,16,13,29,-5,4,1,3,0,0,3,6,1,0,1,0,0,2,0,0,0.45,0.06,106,15.1
Oskar Back,C,71,7,18,25,0,8,1,0,0,2,0,0,0,0,0,2,0,0,0,0,0.35,0.11,50,14
Jordan Kawaguchi,C,49,6,17,23,-1,6,1,7,0,0,2,0,1,0,0,0,1,3,0,33.3,0.47,0.12,64,9.4
Josh Melnick,C,56,10,12,22,2,6,0,1,5,0,1,2,0,0,4,1,0,1,0,0,0.39,0.11,66,15.2
Riley Tufte,LW,54,10,10,20,-1,36,1,4,0,1,1,2,1,0,0,2,0,1,0,0,0.37,0.67,84,11.9
Alexander Petrovic ,D,71,5,14,19,-1,73,0,0,0,0,2,0,0,0,1,0,0,0,0,0,0.27,1.03,90,5.6
Tanner Kero,C,28,5,12,17,-3,10,3,4,0,0,0,0,0,0,0,0,2,3,0,66.7,0.61,0.36,48,10.4
Marian Studenic,RW,17,7,9,16,10,12,1,2,0,0,1,3,1,1,1,1,0,0,0,0,0.94,0.71,39,17.9
Rhett Gardner,C,66,7,9,16,-8,69,2,1,0,1,3,1,0,1,1,0,1,3,0,33.3,0.24,1.05,106,6.6
Joseph Cecconi,D,65,1,15,16,-6,52,0,0,0,1,0,0,1,0,1,1,0,0,0,0,0.25,0.8,93,1.1
Nick Caamano,RW,47,8,6,14,-6,40,0,0,1,0,0,4,0,0,0,0,0,2,0,0,0.3,0.85,66,12.1
Jerad Rosburg,D,65,4,10,14,6,83,0,1,1,0,0,0,0,0,0,1,0,0,0,0,0.22,1.28,89,4.5
Jeremy Gregoire,RW,49,7,5,12,-7,109,0,0,0,0,0,0,0,0,0,0,0,1,0,0,0.24,2.22,78,9
Thomas Harley,D,27,0,11,11,-3,36,0,6,0,0,0,0,0,0,0,0,0,0,0,0,0.41,1.33,53,0
Andreas Borgman,D,14,3,2,5,-5,10,1,0,0,0,0,0,1,0,0,0,0,0,0,0,0.36,0.71,31,9.7
Jacob Peterson,C,6,2,3,5,-1,6,0,1,0,0,0,0,0,0,0,0,0,0,0,0,0.83,1,13,15.4
Michael Karow,D,13,1,4,5,3,2,0,0,0,0,1,0,0,0,0,0,0,0,0,0,0.38,0.15,15,6.7
Yauheni Aksiantsiuk,LW,8,2,2,4,-4,2,1,1,0,0,0,0,1,0,0,0,0,0,0,0,0.5,0.25,7,28.6
Will Merchant,LW,13,1,2,3,-3,4,0,0,0,0,0,1,0,0,0,0,0,0,0,0,0.23,0.31,12,8.3
Dawson Barteaux,D,30,1,2,3,-1,10,0,0,0,0,0,0,0,0,0,0,0,0,0,0,0.1,0.33,18,5.6
Tye Felhaber,LW,14,2,0,2,-4,2,0,0,0,0,1,0,0,0,0,0,0,0,0,0,0.14,0.14,21,9.5
Max Martin,D,13,0,2,2,-6,4,0,0,0,0,0,0,0,0,0,0,0,0,0,0,0.15,0.31,16,0
Evan Wardley,D,6,0,1,1,-1,8,0,0,0,0,0,0,0,0,0,0,0,0,0,0,0.17,1.33,6,0
Alexey Lipanov,C,8,0,0,0,-3,2,0,0,0,0,0,0,0,0,0,0,0,0,0,0,0,0.25,5,0
Alex Steeves,F,58,23,23,46,0,37,8,9,1,0,4,1,3,2,1,2,0,1,0,0,0.79,0.64,181,12.7
Joey Anderson,RW,56,26,16,42,8,19,8,7,5,0,3,5,3,2,0,2,3,3,1,100,0.75,0.34,145,17.9
Bobby McMann,LW,61,24,11,35,-2,16,8,2,3,0,2,2,2,0,3,1,0,0,0,0,0.57,0.26,160,15
Josh Ho-Sang,RW,47,16,19,35,-8,24,6,5,0,0,4,2,3,2,1,0,2,2,0,100,0.74,0.51,79,20.3
Curtis Douglas,C,67,13,21,34,8,86,0,2,0,0,0,4,2,0,2,0,0,0,0,0,0.51,1.28,102,12.7
Semyon Der-Arguchintsev,C,51,13,19,32,-12,18,4,7,0,0,1,2,2,1,1,0,0,2,0,0,0.63,0.35,74,17.6
Joseph Blandisi,C,43,12,17,29,-3,48,3,3,1,1,5,3,2,0,2,1,0,0,0,0,0.67,1.12,66,18.2
Nicholas Robertson,LW,28,16,12,28,2,8,3,2,1,0,2,1,2,0,2,1,0,1,0,0,1,0.29,86,18.6
Mikhail Abramov,C,66,7,21,28,-6,20,1,5,0,2,2,0,1,1,0,1,2,3,2,66.7,0.42,0.3,103,6.8
Antti Suomela,C,48,14,12,26,3,10,2,2,0,2,3,2,1,0,3,2,0,0,0,0,0.54,0.21,80,17.5
Mac Hollowell,D,45,5,21,26,10,44,0,7,0,0,1,2,0,0,0,0,0,0,0,0,0.58,0.98,58,8.6
Filip Kral,D,58,3,18,21,-1,24,1,5,0,3,0,0,0,0,0,0,0,1,0,0,0.36,0.41,71,4.2
Jack Kopacka,LW,52,9,7,16,-11,31,1,0,0,0,1,2,1,0,0,0,0,0,0,0,0.31,0.6,76,11.8
Carl Dahlstrom,D,49,0,14,14,10,10,0,0,0,1,0,0,0,0,0,0,0,0,0,0,0.29,0.2,43,0
Marc Michaelis,F,22,5,8,13,2,2,0,0,1,1,0,1,0,0,1,1,0,0,0,0,0.59,0.09,32,15.6
Rich Clune,LW,59,4,8,12,3,110,0,0,0,0,2,1,0,0,0,0,0,0,0,0,0.2,1.86,32,12.5
Chad Krys,D,44,1,10,11,7,32,0,0,0,0,0,0,0,0,0,0,0,0,0,0,0.25,0.73,52,1.9
Kristians Rubins,D,58,1,10,11,-1,24,0,0,0,2,0,1,0,0,0,0,0,0,0,0,0.19,0.41,70,1.4
Kirill Semyonov,C,9,1,8,9,6,10,0,1,0,0,0,0,0,0,0,0,0,1,0,0,1,1.11,21,4.8
Pavel Gogolev,LW,31,3,5,8,-9,10,1,1,0,0,0,0,0,0,0,0,0,1,0,0,0.26,0.32,26,11.5
Philippe Myers,D,16,2,5,7,-3,23,0,0,0,1,0,0,1,0,0,0,0,0,0,0,0.44,1.44,37,5.4
Alex Biega,D,31,1,6,7,13,28,0,0,0,2,0,1,0,0,0,0,0,0,0,0,0.23,0.9,43,2.3
Teemu Kivihalme,D,32,1,6,7,-9,16,0,0,0,0,0,0,0,0,0,0,0,0,0,0,0.22,0.5,36,2.8
Matt Hellickson,D,26,1,5,6,-2,22,0,0,0,1,0,0,0,0,0,0,0,0,0,0,0.23,0.85,25,4
Ryan Chyzowski,F,23,5,0,5,-10,7,0,0,0,0,0,1,0,0,0,1,0,0,0,0,0.22,0.3,22,22.7
Brennan Menell,D,20,1,4,5,-6,15,0,1,0,0,1,0,0,0,0,0,0,0,0,0,0.25,0.75,21,4.8
Pontus Holmberg,C,6,2,2,4,-1,2,1,1,0,0,0,0,0,0,0,1,0,0,0,0,0.67,0.33,11,18.2
Kyle Clifford,LW,9,3,0,3,-1,6,0,0,0,0,0,0,0,0,0,1,0,0,0,0,0.33,0.67,18,16.7
Noel Hoefenmayer,D,8,0,3,3,0,10,0,0,0,1,0,0,0,0,0,0,0,0,0,0,0.38,1.25,6,0
Dmitri Ovchinnikov,LW,7,2,0,2,0,0,0,0,0,0,0,1,0,0,0,0,0,0,0,0,0.29,0,4,50
Kurtis Gabriel,F,13,1,1,2,2,36,0,0,0,0,1,0,0,0,0,0,0,0,0,0,0.15,2.77,17,5.9
Nick Ritchie,LW,2,1,0,1,-1,0,1,0,0,0,0,1,0,0,0,0,0,0,0,0,0.5,0,2,50
Brennan Kapcheck,D,2,0,1,1,0,2,0,1,0,0,0,0,0,0,0,0,0,0,0,0,0.5,1,1,0
Zach O'Brien,RW,5,0,1,1,-2,0,0,1,0,0,0,0,0,0,0,0,0,0,0,0,0.2,0,2,0
Jeremy McKenna,RW,16,0,1,1,-6,4,0,0,0,0,0,0,0,0,0,0,0,0,0,0,0.06,0.25,15,0
Gordie Green,RW,1,0,0,0,0,0,0,0,0,0,0,0,0,0,0,0,0,0,0,0,0,0,0,0
Max Ellis,RW,2,0,0,0,-3,0,0,0,0,0,0,0,0,0,0,0,0,0,0,0,0,0,6,0
Graham Slaggert,C,2,0,0,0,3,0,0,0,0,0,0,0,0,0,0,0,0,0,0,0,0,0,3,0
Matteo Pietroniro,D,3,0,0,0,-5,5,0,0,0,0,0,0,0,0,0,0,0,0,0,0,0,1.67,3,0
Marc Johnstone,RW,4,0,0,0,0,2,0,0,0,0,0,0,0,0,0,0,0,0,0,0,0,0.5,5,0
Matias Maccelli,F,47,14,43,57,-8,20,5,23,0,0,0,3,2,0,2,0,1,3,0,33.3,1.21,0.43,105,13.3
Jan Jenik,C,51,17,30,47,-27,67,9,13,0,0,2,0,1,0,1,0,1,2,0,50,0.92,1.31,119,14.3
Michael Carcone,RW,48,24,17,41,-11,62,8,11,0,0,2,5,1,0,3,0,1,1,1,100,0.85,1.29,180,13.3
Hudson Fasching,RW,51,14,23,37,-22,18,6,8,2,0,1,2,0,0,1,0,0,1,0,0,0.73,0.35,107,13.1
Ben McCartney,LW,57,18,17,35,-22,60,9,8,0,0,2,3,2,1,0,1,0,0,0,0,0.61,1.05,116,15.5
Cameron Hebig,RW,68,13,12,25,-32,36,3,3,0,2,0,1,0,0,0,0,0,2,0,0,0.37,0.53,132,9.8
Travis Barron,LW,64,12,13,25,-17,71,1,0,1,0,0,3,1,0,0,1,0,0,0,0,0.39,1.11,99,12.1
Terry Broadhurst,LW,49,11,13,24,-27,4,3,4,0,0,3,1,0,0,0,0,2,3,1,66.7,0.49,0.08,80,13.8
Cam Dineen,D,21,3,16,19,-14,6,2,9,0,0,0,0,0,0,0,0,0,0,0,0,0.9,0.29,51,5.9
Victor Soderstrom,D,32,3,16,19,-12,24,2,11,0,1,0,1,0,0,0,0,0,0,0,0,0.59,0.75,87,3.4
Cole Hults,D,54,7,10,17,-17,34,1,4,0,0,1,1,0,0,0,0,0,0,0,0,0.31,0.63,83,8.4
Vladislav Kolyachonok,D,33,2,12,14,1,10,0,4,0,0,2,1,0,2,0,0,0,0,0,0,0.42,0.3,46,4.3
Janis Moser,D,18,5,7,12,-3,11,3,4,0,0,2,0,0,0,0,0,0,0,0,0,0.67,0.61,29,17.2
Bokondji Imama,LW,54,5,7,12,-21,178,0,4,0,0,2,0,0,0,0,0,0,0,0,0,0.22,3.3,51,9.8
Tyson Empey,F,63,3,9,12,-24,100,0,0,0,0,0,0,0,0,0,0,0,0,0,0,0.19,1.59,68,4.4
Colin Theisen,F,16,5,6,11,-3,6,2,1,0,0,0,1,0,0,0,0,1,1,1,100,0.69,0.38,30,16.7
Ty Emberson,D,58,4,7,11,-25,17,1,2,0,1,0,0,2,0,0,0,0,0,0,0,0.19,0.29,80,5
Doyle Somerby,D,55,1,10,11,-15,47,0,0,0,1,0,0,0,0,0,0,0,0,0,0,0.2,0.85,57,1.8
Cameron Crotty,D,68,4,5,9,-28,30,0,0,0,0,0,2,0,0,0,0,0,0,0,0,0.13,0.44,111,3.6
Hudson Elynuik,F,22,3,6,9,-3,44,0,1,0,0,1,1,0,0,0,1,0,0,0,0,0.41,2,25,12
Stephen Harper,C,40,3,3,6,-10,8,0,0,0,0,0,1,0,0,0,0,0,0,0,0,0.15,0.2,47,6.4
Andrew Nielsen,D,16,1,5,6,-2,14,0,2,0,0,0,0,0,0,0,0,0,0,0,0,0.38,0.88,14,7.1
Blake Speers,C,52,2,3,5,-19,23,1,0,0,0,1,1,0,0,0,0,0,0,0,0,0.1,0.44,65,3.1
Ryan McGregor,C,17,1,4,5,-3,6,0,0,0,0,0,0,0,0,0,0,0,0,0,0,0.29,0.35,16,6.3
Oliver Chau,F,10,0,4,4,-2,4,0,1,0,0,0,0,0,0,0,0,0,0,0,0,0.4,0.4,9,0
Matt Foley,D,18,0,4,4,-2,8,0,0,0,0,0,0,0,0,0,0,0,0,0,0,0.22,0.44,8,0
Liam Kirk,F,8,2,1,3,1,2,1,0,0,0,1,2,0,0,0,0,0,0,0,0,0.38,0.25,10,20
Mitch Lewandowski ,F,14,2,1,3,-3,0,0,0,0,0,0,0,0,0,0,0,0,0,0,0,0.21,0,15,13.3
Brandon Estes,D,10,0,3,3,4,0,0,0,0,0,0,0,0,0,0,0,0,0,0,0,0.3,0,14,0
Cedric Lacroix,LW,36,0,3,3,-7,93,0,0,0,0,0,0,0,0,0,0,0,0,0,0,0.08,2.58,38,0
Lewis Zerter-Gossage,RW,8,0,2,2,0,2,0,0,0,0,0,0,0,0,0,0,0,0,0,0,0.25,0.25,6,0
Chaz Reddekopp,D,14,0,2,2,-10,9,0,0,0,0,0,0,0,0,0,0,0,0,0,0,0.14,0.64,7,0
Barrett Hayton,C,4,0,1,1,0,6,0,0,0,0,0,0,0,0,0,0,0,0,0,0,0.25,1.5,5,0
Max Coatta,F,6,0,1,1,-2,2,0,0,0,0,0,0,0,0,0,0,0,0,0,0,0.17,0.33,6,0
Stephen Baylis,F,12,0,1,1,-1,9,0,0,0,0,0,0,0,0,0,0,0,0,0,0,0.08,0.75,7,0
Vladislav Provolnev,D,17,0,1,1,-17,10,0,0,0,0,0,0,0,0,0,0,0,0,0,0,0.06,0.59,41,0
Zack Andrusiak,LW,2,0,0,0,0,0,0,0,0,0,0,0,0,0,0,0,0,0,0,0,0,0,1,0
Ryan Da Silva,D,2,0,0,0,0,0,0,0,0,0,0,0,0,0,0,0,0,0,0,0,0,0,1,0
Dysin Mayo,D,2,0,0,0,-1,2,0,0,0,0,0,0,0,0,0,0,0,0,0,0,0,1,3,0
Philip Lagunov,C,4,0,0,0,1,2,0,0,0,0,0,0,0,0,0,0,0,0,0,0,0,0.5,1,0
Logan Nelson,F,5,0,0,0,-2,2,0,0,0,0,0,0,0,0,0,0,0,0,0,0,0,0.4,9,0
Avery Peterson,F,5,0,0,0,-3,7,0,0,0,0,0,0,0,0,0,0,0,0,0,0,0,1.4,8,0
Anthony Rinaldi,F,6,0,0,0,-2,0,0,0,0,0,0,0,0,0,0,0,0,0,0,0,0,0,4,0
Quinn Wichers,D,16,0,0,0,-5,4,0,0,0,0,0,0,0,0,0,0,0,0,0,0,0,0.25,8,0
Chase De Leo,C,55,21,35,56,-3,18,5,13,0,1,3,5,3,0,1,2,0,0,0,0,1.02,0.33,180,11.7
Fabian Zetterlund,C,58,24,28,52,5,8,8,9,0,1,7,2,3,2,0,3,1,2,1,50,0.9,0.14,175,13.7
A.J. Greer,LW,53,22,30,52,10,102,5,8,4,2,2,4,2,0,3,4,1,2,1,50,0.98,1.92,118,18.6
Alexander Holtz,F,52,26,25,51,-3,10,7,6,0,0,3,4,3,1,0,0,1,3,0,33.3,0.98,0.19,167,15.6
Reilly Walsh,D,70,9,34,43,12,16,2,15,0,0,4,2,0,1,0,0,0,0,0,0,0.61,0.23,112,8
Robbie Russo,D,70,3,32,35,6,21,1,13,0,2,1,0,0,0,0,0,0,0,0,0,0.5,0.3,117,2.6
Ryan Schmelzer,C,64,18,14,32,6,26,4,4,2,0,1,4,2,0,1,1,0,0,0,0,0.5,0.41,118,15.3
Nolan Foote,LW,55,14,18,32,15,48,2,7,1,0,2,3,2,0,0,3,0,1,0,0,0.58,0.87,92,15.2
Frederik Gauthier,F,51,8,24,32,17,15,2,2,2,3,1,3,0,0,1,0,0,0,0,0,0.63,0.29,60,13.3
Joe Gambardella,C,65,10,21,31,5,30,1,6,1,1,1,3,0,0,2,1,0,0,0,0,0.48,0.46,78,12.8
Nate Schnarr,C,43,13,13,26,12,26,2,4,0,0,3,0,2,0,0,1,0,0,0,0,0.6,0.6,70,18.6
Brian Flynn,C,61,13,13,26,-5,24,2,4,0,0,2,0,3,0,0,2,0,1,0,0,0.43,0.39,95,13.7
Aarne Talvitie,C,68,12,12,24,13,22,0,1,2,0,2,2,2,1,1,2,0,0,0,0,0.35,0.32,61,19.7
Graeme Clarke,RW,52,10,14,24,2,30,2,2,0,0,3,3,2,0,1,1,0,1,0,0,0.46,0.58,100,10
Tyler Wotherspoon,D,53,3,17,20,26,22,1,1,1,1,0,0,2,0,1,1,0,0,0,0,0.38,0.42,76,3.9
Michael Vukojevic,D,54,3,14,17,7,36,0,0,0,0,1,0,0,0,0,0,0,0,0,0,0.31,0.67,45,6.7
Kevin Bahl,D,54,3,13,16,15,52,0,0,0,0,1,1,0,1,0,0,0,0,0,0,0.3,0.96,39,7.7
Tyce Thompson,F,16,6,9,15,-1,16,3,1,0,0,1,2,1,0,0,1,0,0,0,0,0.94,1,30,20
Samuel Laberge,LW,53,5,8,13,4,58,0,0,0,0,1,0,0,0,0,0,0,0,0,0,0.25,1.09,45,11.1
Nikita Okhotiuk,D,63,3,9,12,10,68,0,0,0,1,1,1,0,0,0,0,0,0,0,0,0.19,1.08,55,5.5
Marian Studenic,RW,13,5,5,10,6,6,1,1,0,0,0,2,1,0,1,1,0,0,0,0,0.77,0.46,30,16.7
Jeremy Groleau,D,50,2,7,9,-3,18,0,0,0,0,1,1,0,0,0,0,0,0,0,0,0.18,0.36,43,4.7
Jesper Boqvist,LW,7,2,6,8,6,2,0,1,0,0,0,0,1,0,0,1,0,0,0,0,1.14,0.29,10,20
Tyler Irvine,RW,20,2,3,5,-6,8,0,0,0,1,0,0,0,0,1,0,0,0,0,0,0.25,0.4,23,8.7
Patrick Grasso,F,9,1,3,4,-3,0,1,0,0,0,0,0,0,0,0,0,0,0,0,0,0.44,0,14,7.1
Colton White,D,6,3,0,3,1,6,0,0,0,0,0,0,0,0,0,0,0,0,0,0,0.5,1,15,20
Brian Halonen,F,12,2,1,3,-4,4,1,0,0,0,0,1,0,0,0,0,0,0,0,0,0.25,0.33,22,9.1
Luke Stevens,LW,8,0,2,2,4,0,0,0,0,0,0,0,0,0,0,0,0,0,0,0,0.25,0,5,0
Jarrod Gourley,D,4,1,0,1,-6,0,0,0,0,0,0,0,0,0,0,0,0,0,0,0,0.25,0,7,14.3
Nick Rivera,C,9,0,1,1,0,7,0,0,0,0,0,0,0,0,0,0,0,0,0,0,0.11,0.78,5,0
Chris Lijdsman,D,1,0,0,0,0,2,0,0,0,0,0,0,0,0,0,0,0,0,0,0,0,2,0,0
Garrett VanWyhe,F,1,0,0,0,0,0,0,0,0,0,0,0,0,0,0,0,0,0,0,0,0,0,0,0
Shane Harper,LW,2,0,0,0,-2,4,0,0,0,0,0,0,0,0,0,0,0,0,0,0,0,2,1,0
Joe Masonius,D,3,0,0,0,0,2,0,0,0,0,0,0,0,0,0,0,0,0,0,0,0,0.67,2,0
Tim Theocharidis,D,9,0,0,0,-3,6,0,0,0,0,0,0,0,0,0,0,0,0,0,0,0,0.67,9,0
Patrick McGrath,RW,26,0,0,0,-4,67,0,0,0,0,0,0,0,0,0,0,0,0,0,0,0,2.58,8,0
Alex Nylander,RW,67,22,20,42,-11,10,7,9,0,0,5,5,3,1,0,1,2,5,1,40,0.63,0.15,149,14.8
Valtteri Puustinen,RW,73,20,22,42,-15,14,7,10,0,0,3,7,0,2,1,0,0,5,0,0,0.58,0.19,183,10.9
Samuel Poulin,LW,72,16,21,37,-8,51,3,7,0,0,1,4,1,0,1,1,0,1,0,0,0.51,0.71,150,10.7
Juuso Riikola,D,53,1,34,35,-10,24,1,16,0,0,0,1,0,0,0,0,0,0,0,0,0.66,0.45,97,1
Felix Robert,C,63,16,18,34,19,30,3,0,0,0,2,2,2,0,1,0,0,0,0,0,0.54,0.48,125,12.8
Michael Chaput,C,57,12,21,33,11,34,5,4,1,0,1,2,0,0,1,0,0,0,0,0,0.58,0.6,71,16.9
Pierre-Olivier Joseph,D,61,10,23,33,8,44,1,8,0,0,2,2,0,0,1,2,0,0,0,0,0.54,0.72,148,6.8
Drew O'Connor,LW,33,12,20,32,0,19,3,8,0,2,2,3,1,0,1,1,0,2,0,0,0.97,0.58,115,10.4
Jordy Bellerive,C,72,8,21,29,2,112,0,0,0,0,1,0,1,1,1,0,0,1,0,0,0.4,1.56,118,6.8
Filip Hallander,LW,61,14,14,28,-1,22,2,3,1,0,3,2,2,1,1,0,0,0,0,0,0.46,0.36,143,9.8
Jonathan Gruden,LW,75,10,17,27,-3,78,0,0,1,1,1,1,4,0,1,4,0,0,0,0,0.36,1.04,79,12.7
Mitch Reinke,D,63,3,24,27,17,6,0,9,0,0,0,0,0,0,0,0,0,0,0,0,0.43,0.1,89,3.4
Radim Zohorna,C,39,12,9,21,-9,10,6,4,0,0,1,5,2,0,0,0,0,2,0,0,0.54,0.26,75,16
Kyle Olson,RW,71,12,9,21,4,68,0,0,0,0,3,1,1,0,1,1,0,0,0,0,0.3,0.96,97,12.4
Anthony Angello,RW,44,7,12,19,-4,27,2,2,1,0,2,1,0,0,1,0,1,2,0,50,0.43,0.61,71,9.9
Cam Lee,D,61,1,18,19,-5,71,0,1,0,0,0,0,0,0,0,0,0,0,0,0,0.31,1.16,111,0.9
Nathan Legare,RW,57,7,9,16,-8,30,3,1,0,0,1,0,1,1,0,0,0,0,0,0,0.28,0.53,109,6.4
Taylor Fedun,D,44,5,11,16,12,18,0,0,0,1,1,1,1,1,1,1,0,0,0,0,0.36,0.41,81,6.2
Matt Bartkowski,D,72,4,12,16,7,29,0,0,0,1,1,1,0,0,0,0,0,0,0,0,0.22,0.4,104,3.8
Kasper Bjorkqvist,RW,54,8,4,12,-3,28,0,0,0,1,1,3,0,1,0,0,0,0,0,0,0.22,0.52,66,12.1
Jan Drozg,RW,23,4,6,10,0,8,0,1,0,0,0,0,0,0,0,0,0,0,0,0,0.43,0.35,24,16.7
Chris Bigras,D,28,3,7,10,-1,12,0,0,0,0,2,0,0,0,1,0,0,0,0,0,0.36,0.43,25,12
Samuel Houde,C,19,1,5,6,4,6,0,1,0,0,0,1,0,0,0,0,0,0,0,0,0.32,0.32,13,7.7
Will Reilly,D,40,1,4,5,-8,24,0,0,0,1,1,0,0,0,0,0,0,0,0,0,0.13,0.6,48,2.1
Jamie Devane,LW,27,3,1,4,1,35,0,0,0,0,1,1,1,0,0,0,0,0,0,0,0.15,1.3,24,12.5
Patrick Watling,C,5,1,2,3,0,0,0,1,0,0,1,0,0,0,0,0,0,0,0,0,0.6,0,4,25
Christopher Merisier-Ortiz ,D,8,1,1,2,0,2,0,0,0,0,0,0,0,0,0,0,0,0,0,0,0.25,0.25,10,10
Niclas Almari,D,13,1,1,2,0,2,0,0,0,0,1,0,0,0,0,0,0,0,0,0,0.15,0.15,12,8.3
Justin Almeida,LW,7,1,0,1,-2,0,0,0,0,0,0,0,0,0,0,0,0,0,0,0,0.14,0,7,14.3
Matt Alfaro,C,3,0,1,1,-2,0,0,0,0,0,0,0,0,0,0,0,0,0,0,0,0.33,0,3,0
Matt Foley,D,1,0,0,0,-1,0,0,0,0,0,0,0,0,0,0,0,0,0,0,0,0,0,0,0
Pascal Laberge,RW,1,0,0,0,0,0,0,0,0,0,0,0,0,0,0,0,0,0,0,0,0,0,1,0
Clayton Phillips,D,1,0,0,0,0,0,0,0,0,0,0,0,0,0,0,0,0,0,0,0,0,0,0,0
Mark Friedman,D,2,0,0,0,-1,2,0,0,0,0,0,0,0,0,0,0,0,0,0,0,0,1,2,0
Ty Glover,C,2,0,0,0,0,0,0,0,0,0,0,0,0,0,0,0,0,0,0,0,0,0,3,0
Dylan MacPherson,D,2,0,0,0,-1,0,0,0,0,0,0,0,0,0,0,0,0,0,0,0,0,0,5,0
Josh Maniscalco,D,2,0,0,0,-4,12,0,0,0,0,0,0,0,0,0,0,0,0,0,0,0,6,2,0
Adam Smith,D,2,0,0,0,-2,0,0,0,0,0,0,0,0,0,0,0,0,0,0,0,0,0,1,0
Corey Andonovski,RW,5,0,0,0,-1,2,0,0,0,0,0,0,0,0,0,0,0,0,0,0,0,0.4,3,0
Nick Hutchison,C,5,0,0,0,-6,8,0,0,0,0,0,0,0,0,0,0,0,0,0,0,0,1.6,5,0
Colin Swoyer,D,5,0,0,0,-2,2,0,0,0,0,0,0,0,0,0,0,0,0,0,0,0,0.4,3,0
